
  codebase-memory-mcp  C test suite

=== pipeline ===
  pipeline_lock_try_acquire                              PASS
  pipeline_lock_blocking                                 PASS
  pipeline_lock_contention                               PASS
  pipeline_lock_release_allows_contender                 PASS
  pipeline_create_free                                   PASS
  pipeline_null_repo                                     PASS
  pipeline_free_null                                     PASS
  pipeline_cancel                                        level=error msg=pipeline.err phase=discover rc=-1
level=info msg=pipeline.discover files=0 elapsed_ms=4
PASS
  pipeline_cancel_null                                   PASS
  pipeline_run_null                                      PASS
  pipeline_backpressure_futile_nap_disengages            level=warn msg=mem.pressure.warn rss_mb=24 budget_mb=1 pct=2464
level=info msg=pipeline.discover files=64 elapsed_ms=3
level=info msg=pipeline.route path=full
level=info msg=pass.start pass=structure files=64
level=info msg=pass.done pass=structure nodes=66 edges=65
level=info msg=pass.timing pass=structure elapsed_ms=1
level=info msg=pipeline.mode mode=parallel workers=20 files=64
level=info msg=parallel.extract.start files=64 workers=20
level=info msg=parallel.extract.retention retain_sources=true total_mb=0 per_file_mb=0
level=info msg=parallel.mem.budget total_mb=1 per_worker_mb=0
level=warn msg=mem.backpressure.futile action=soft_overshoot
level=info msg=parallel.extract.file.start pos=0 size_kb=0 path=f32.go
level=info msg=parallel.extract.file.done pos=0 elapsed_ms=2 defs=2 path=f32.go
level=info msg=parallel.extract.file.start pos=20 size_kb=0 path=f20.go
level=info msg=parallel.extract.file.done pos=20 elapsed_ms=0 defs=2 path=f20.go
level=info msg=parallel.extract.file.start pos=21 size_kb=0 path=f21.go
level=info msg=parallel.extract.file.done pos=21 elapsed_ms=0 defs=2 path=f21.go
level=info msg=parallel.extract.file.start pos=22 size_kb=0 path=f22.go
level=info msg=parallel.extract.file.done pos=22 elapsed_ms=0 defs=2 path=f22.go
level=info msg=parallel.extract.file.start pos=23 size_kb=0 path=f23.go
level=info msg=parallel.extract.file.done pos=23 elapsed_ms=0 defs=2 path=f23.go
level=info msg=parallel.extract.progress done=30 total=64
level=info msg=parallel.extract.file.start pos=1 size_kb=0 path=f62.go
level=info msg=parallel.extract.file.start pos=18 size_kb=0 path=f18.go
level=info msg=parallel.extract.file.start pos=13 size_kb=0 path=f13.go
level=info msg=parallel.extract.file.start pos=6 size_kb=0 path=f57.go
level=info msg=parallel.extract.file.start pos=5 size_kb=0 path=f58.go
level=info msg=parallel.extract.file.start pos=11 size_kb=0 path=f11.go
level=info msg=parallel.extract.file.start pos=17 size_kb=0 path=f17.go
level=info msg=parallel.extract.file.start pos=8 size_kb=0 path=f55.go
level=info msg=parallel.extract.file.start pos=9 size_kb=0 path=f54.go
level=info msg=parallel.extract.file.done pos=18 elapsed_ms=1 defs=2 path=f18.go
level=info msg=parallel.extract.file.start pos=3 size_kb=0 path=f60.go
level=info msg=parallel.extract.file.start pos=15 size_kb=0 path=f15.go
level=info msg=parallel.extract.file.start pos=19 size_kb=0 path=f19.go
level=info msg=parallel.extract.file.start pos=16 size_kb=0 path=f16.go
level=info msg=parallel.extract.file.start pos=10 size_kb=0 path=f10.go
level=info msg=parallel.extract.file.start pos=4 size_kb=0 path=f59.go
level=info msg=parallel.extract.file.start pos=14 size_kb=0 path=f14.go
level=info msg=parallel.extract.file.start pos=7 size_kb=0 path=f56.go
level=info msg=parallel.extract.file.start pos=12 size_kb=0 path=f12.go
level=info msg=parallel.extract.file.done pos=1 elapsed_ms=1 defs=2 path=f62.go
level=info msg=parallel.extract.file.start pos=2 size_kb=0 path=f61.go
level=info msg=parallel.extract.file.done pos=13 elapsed_ms=1 defs=2 path=f13.go
level=info msg=parallel.extract.file.done pos=6 elapsed_ms=1 defs=2 path=f57.go
level=info msg=parallel.extract.file.done pos=5 elapsed_ms=1 defs=2 path=f58.go
level=info msg=parallel.extract.file.done pos=8 elapsed_ms=2 defs=2 path=f55.go
level=info msg=parallel.extract.file.done pos=11 elapsed_ms=3 defs=2 path=f11.go
level=info msg=parallel.extract.file.done pos=9 elapsed_ms=3 defs=2 path=f54.go
level=info msg=parallel.extract.file.done pos=17 elapsed_ms=3 defs=2 path=f17.go
level=info msg=parallel.extract.file.done pos=3 elapsed_ms=3 defs=2 path=f60.go
level=info msg=parallel.extract.progress done=10 total=64
level=info msg=parallel.extract.file.done pos=19 elapsed_ms=4 defs=2 path=f19.go
level=info msg=parallel.extract.file.done pos=15 elapsed_ms=5 defs=2 path=f15.go
level=info msg=parallel.extract.file.done pos=16 elapsed_ms=4 defs=2 path=f16.go
level=info msg=parallel.extract.progress done=20 total=64
level=info msg=parallel.extract.file.done pos=4 elapsed_ms=4 defs=2 path=f59.go
level=info msg=parallel.extract.file.done pos=12 elapsed_ms=4 defs=2 path=f12.go
level=info msg=parallel.extract.file.done pos=10 elapsed_ms=5 defs=2 path=f10.go
level=info msg=parallel.extract.file.done pos=14 elapsed_ms=5 defs=2 path=f14.go
level=info msg=parallel.extract.file.done pos=7 elapsed_ms=5 defs=2 path=f56.go
level=info msg=parallel.extract.file.done pos=2 elapsed_ms=7 defs=2 path=f61.go
level=info msg=parallel.extract.progress done=40 total=64
level=info msg=parallel.extract.progress done=50 total=64
level=info msg=parallel.extract.progress done=64 total=64
level=info msg=parallel.extract.progress done=60 total=64
level=info msg=pkgmap.scan_repo manifests=0
level=info msg=parallel.extract.mem rss_mb=133 peak_mb=137 budget_mb=1 per_worker_mb=0
level=info msg=parallel.extract.done nodes=128 errors=0
level=info msg=pass.timing pass=parallel_extract elapsed_ms=645
level=info msg=mem.collect phase=post_extract rss_mb=133
level=info msg=parallel.registry.start files=64
level=info msg=parallel.registry.done entries=64 defines=128 imports=0
level=info msg=pass.timing pass=registry_build elapsed_ms=2
level=info msg=mem.phase phase=registry_build rss_mb=134 peak_mb=137
level=info msg=pass.timing pass=lsp_cross_prepare elapsed_ms=3
level=info msg=mem.phase phase=lsp_cross_prepare rss_mb=138 peak_mb=138
level=info msg=parallel.resolve.start files=64 workers=20
level=info msg=parallel.resolve.lsp_cross_done files_processed=0 files_skipped_no_source=0 defs_total=64
level=info msg=parallel.resolve.done calls=0 usages=0 semantic=0 lsp_overrides=0
level=info msg=parallel.resolve.phase_summary total_loop_cpu_ms=10 files_visited=64
level=info msg=parallel.resolve.phase_ms_a import_map=1 cross_lsp=0 resolve_calls=0
level=info msg=parallel.resolve.phase_ms_b resolve_usages=2 resolve_throws=0 resolve_rw=0 resolve_semantic=0
level=info msg=parallel.resolve.calls_breakdown find_source=0 lsp_lookup=0 resolve=0
level=info msg=parallel.resolve.calls_breakdown2 field_hint=0 find_target=0 emit_edge=0
level=info msg=pass.timing pass=parallel_resolve elapsed_ms=8
level=info msg=mem.phase phase=parallel_resolve rss_mb=146 peak_mb=146
level=info msg=pass.start pass=k8s files=64
level=info msg=pass.done pass=k8s kustomize=0 manifests=0
level=info msg=pass.timing pass=k8s elapsed_ms=0
level=info msg=pass.start pass=tests
level=info msg=pass.done pass=tests tests=0 tests_file=0
level=info msg=pass.timing pass=tests elapsed_ms=4
level=info msg=pass.timing pass=githistory_compute elapsed_ms=54
level=info msg=pass.done pass=githistory commits=0 edges=0
level=info msg=pass.timing pass=decorator_tags elapsed_ms=0
level=info msg=configlinker.skip reason=no_config_files
level=info msg=pass.timing pass=configlink elapsed_ms=2
level=info msg=pass.timing pass=route_match elapsed_ms=0
level=info msg=pass.start pass=similarity
level=info msg=pass.similarity.collected nodes_with_fp=0
level=info msg=pass.done pass=similarity edges=0
level=info msg=pass.timing pass=similarity elapsed_ms=0
level=info msg=pass.start pass=semantic_edges
level=info msg=pass.semantic.collected functions=64
level=info msg=pass.semantic.token_vectors count=74
level=info msg=pass.semantic.vectors_stored count=64
level=info msg=pass.semantic.lsh_built functions=64 bands=16
level=info msg=pass.done pass=semantic_edges edges=0
level=info msg=pass.timing pass=semantic_edges elapsed_ms=868
level=info msg=pass.complexity functions=64
level=info msg=pass.timing pass=complexity elapsed_ms=0
level=info msg=gbuf.dump nodes=130 edges=193
level=info msg=pass.timing pass=dump elapsed_ms=42
level=info msg=pass.timing pass=persist_hashes files=64
level=info msg=pipeline.done nodes=0 edges=193 elapsed_ms=1673
PASS
  pipeline_seq_ts_cross_uses_shared_registry             level=info msg=pipeline.discover files=40 elapsed_ms=2
level=info msg=pipeline.route path=full
level=info msg=pass.start pass=structure files=40
level=info msg=pass.done pass=structure nodes=42 edges=41
level=info msg=pass.timing pass=structure elapsed_ms=1
level=info msg=pipeline.mode mode=sequential files=40
level=info msg=pkgmap.scan_repo manifests=0
level=info msg=pkgmap.scan manifests_from_files=0 manifests_from_walk=0 entries=0
level=info msg=pass.start pass=definitions files=40
level=info msg=pass.done pass=definitions defs=80 calls=39 imports=78 errors=0
level=info msg=pass.timing pass=definitions elapsed_ms=48
level=info msg=pass.start pass=k8s files=40
level=info msg=pass.done pass=k8s kustomize=0 manifests=0
level=info msg=pass.timing pass=k8s elapsed_ms=0
level=info msg=pass.start pass=lsp_cross files=40
level=info msg=pass.done pass=lsp_cross files_processed=40 files_skipped_no_lsp=0 files_skipped_no_source=0 defs_total=40 lsp_calls=40
level=info msg=pass.timing pass=lsp_cross elapsed_ms=7
level=info msg=pass.start pass=calls files=40
level=info msg=pass.done pass=calls total=39 resolved=39 unresolved=0 errors=0
level=info msg=pass.timing pass=calls elapsed_ms=2
level=info msg=pass.start pass=usages files=40
level=info msg=pass.done pass=usages usage=0 throws=0 rw=0 errors=0
level=info msg=pass.timing pass=usages elapsed_ms=0
level=info msg=pass.start pass=semantic files=40
level=info msg=pass.done pass=semantic inherits=0 decorates=0 implements=0 overrides=0 errors=0
level=info msg=pass.timing pass=semantic elapsed_ms=0
level=info msg=pass.start pass=tests
level=info msg=pass.done pass=tests tests=0 tests_file=0
level=info msg=pass.timing pass=tests elapsed_ms=0
level=info msg=pass.timing pass=githistory_compute elapsed_ms=30
level=info msg=pass.done pass=githistory commits=0 edges=0
level=info msg=pass.timing pass=decorator_tags elapsed_ms=0
level=info msg=configlinker.skip reason=no_config_files
level=info msg=pass.timing pass=configlink elapsed_ms=0
level=info msg=pass.timing pass=route_match elapsed_ms=0
level=info msg=pass.start pass=similarity
level=info msg=pass.similarity.collected nodes_with_fp=0
level=info msg=pass.done pass=similarity edges=0
level=info msg=pass.timing pass=similarity elapsed_ms=0
level=info msg=pass.start pass=semantic_edges
level=info msg=pass.semantic.collected functions=40
level=info msg=pass.semantic.token_vectors count=51
level=info msg=pass.semantic.vectors_stored count=40
level=info msg=pass.semantic.lsh_built functions=40 bands=16
level=info msg=pass.done pass=semantic_edges edges=0
level=info msg=pass.timing pass=semantic_edges elapsed_ms=773
level=info msg=pass.complexity functions=40
level=info msg=pass.timing pass=complexity elapsed_ms=0
level=info msg=gbuf.dump nodes=122 edges=238
level=info msg=pass.timing pass=dump elapsed_ms=41
level=info msg=pass.timing pass=persist_hashes files=40
level=info msg=pipeline.done nodes=0 edges=238 elapsed_ms=938
PASS
  store_file_persistence                                 PASS
  store_bulk_persistence                                 PASS
  pipeline_structure_nodes                               level=info msg=pipeline.discover files=3 elapsed_ms=1
level=info msg=pipeline.route path=full
level=info msg=pass.start pass=structure files=3
level=info msg=pass.done pass=structure nodes=7 edges=6
level=info msg=pass.timing pass=structure elapsed_ms=0
level=info msg=pipeline.mode mode=sequential files=3
level=info msg=pkgmap.scan_repo manifests=0
level=info msg=pkgmap.scan manifests_from_files=0 manifests_from_walk=0 entries=0
level=info msg=pass.start pass=definitions files=3
level=info msg=pass.done pass=definitions defs=6 calls=2 imports=2 errors=0
level=info msg=pass.timing pass=definitions elapsed_ms=3
level=info msg=pass.start pass=k8s files=3
level=info msg=pass.done pass=k8s kustomize=0 manifests=0
level=info msg=pass.timing pass=k8s elapsed_ms=0
level=info msg=pass.start pass=lsp_cross files=3
level=info msg=pass.done pass=lsp_cross files_processed=3 files_skipped_no_lsp=0 files_skipped_no_source=0 defs_total=3 lsp_calls=3
level=info msg=pass.timing pass=lsp_cross elapsed_ms=3
level=info msg=pass.start pass=calls files=3
level=info msg=pass.done pass=calls total=2 resolved=2 unresolved=0 errors=0
level=info msg=pass.timing pass=calls elapsed_ms=0
level=info msg=pass.start pass=usages files=3
level=info msg=pass.done pass=usages usage=1 throws=0 rw=0 errors=0
level=info msg=pass.timing pass=usages elapsed_ms=0
level=info msg=pass.start pass=semantic files=3
level=info msg=pass.done pass=semantic inherits=0 decorates=0 implements=0 overrides=0 errors=0
level=info msg=pass.timing pass=semantic elapsed_ms=0
level=info msg=pass.start pass=tests
level=info msg=pass.done pass=tests tests=0 tests_file=0
level=info msg=pass.timing pass=tests elapsed_ms=0
level=info msg=pass.timing pass=githistory_compute elapsed_ms=41
level=info msg=pass.done pass=githistory commits=0 edges=0
level=info msg=pass.timing pass=decorator_tags elapsed_ms=0
level=info msg=configlinker.skip reason=no_config_files
level=info msg=pass.timing pass=configlink elapsed_ms=0
level=info msg=pass.timing pass=route_match elapsed_ms=0
level=info msg=pass.start pass=similarity
level=info msg=pass.similarity.collected nodes_with_fp=0
level=info msg=pass.done pass=similarity edges=0
level=info msg=pass.timing pass=similarity elapsed_ms=0
level=info msg=pass.start pass=semantic_edges
level=info msg=pass.semantic.collected functions=3
level=info msg=pass.semantic.token_vectors count=17
level=info msg=pass.semantic.vectors_stored count=3
level=info msg=pass.semantic.lsh_built functions=3 bands=16
level=info msg=pass.done pass=semantic_edges edges=0
level=info msg=pass.timing pass=semantic_edges elapsed_ms=1198
level=info msg=pass.complexity functions=3
level=info msg=pass.timing pass=complexity elapsed_ms=0
level=info msg=gbuf.dump nodes=10 edges=17
level=info msg=pass.timing pass=dump elapsed_ms=17
level=info msg=pass.timing pass=persist_hashes files=3
level=info msg=pipeline.done nodes=0 edges=17 elapsed_ms=1308
PASS
  pipeline_committed_counts_match_persisted              level=info msg=pipeline.discover files=3 elapsed_ms=2
level=info msg=pipeline.route path=full
level=info msg=pass.start pass=structure files=3
level=info msg=pass.done pass=structure nodes=7 edges=6
level=info msg=pass.timing pass=structure elapsed_ms=0
level=info msg=pipeline.mode mode=sequential files=3
level=info msg=pkgmap.scan_repo manifests=0
level=info msg=pkgmap.scan manifests_from_files=0 manifests_from_walk=0 entries=0
level=info msg=pass.start pass=definitions files=3
level=info msg=pass.done pass=definitions defs=6 calls=2 imports=2 errors=0
level=info msg=pass.timing pass=definitions elapsed_ms=6
level=info msg=pass.start pass=k8s files=3
level=info msg=pass.done pass=k8s kustomize=0 manifests=0
level=info msg=pass.timing pass=k8s elapsed_ms=0
level=info msg=pass.start pass=lsp_cross files=3
level=info msg=pass.done pass=lsp_cross files_processed=3 files_skipped_no_lsp=0 files_skipped_no_source=0 defs_total=3 lsp_calls=3
level=info msg=pass.timing pass=lsp_cross elapsed_ms=5
level=info msg=pass.start pass=calls files=3
level=info msg=pass.done pass=calls total=2 resolved=2 unresolved=0 errors=0
level=info msg=pass.timing pass=calls elapsed_ms=0
level=info msg=pass.start pass=usages files=3
level=info msg=pass.done pass=usages usage=1 throws=0 rw=0 errors=0
level=info msg=pass.timing pass=usages elapsed_ms=0
level=info msg=pass.start pass=semantic files=3
level=info msg=pass.done pass=semantic inherits=0 decorates=0 implements=0 overrides=0 errors=0
level=info msg=pass.timing pass=semantic elapsed_ms=0
level=info msg=pass.start pass=tests
level=info msg=pass.done pass=tests tests=0 tests_file=0
level=info msg=pass.timing pass=tests elapsed_ms=0
level=info msg=pass.timing pass=githistory_compute elapsed_ms=32
level=info msg=pass.done pass=githistory commits=0 edges=0
level=info msg=pass.timing pass=decorator_tags elapsed_ms=0
level=info msg=configlinker.skip reason=no_config_files
level=info msg=pass.timing pass=configlink elapsed_ms=0
level=info msg=pass.timing pass=route_match elapsed_ms=0
level=info msg=pass.start pass=similarity
level=info msg=pass.similarity.collected nodes_with_fp=0
level=info msg=pass.done pass=similarity edges=0
level=info msg=pass.timing pass=similarity elapsed_ms=0
level=info msg=pass.start pass=semantic_edges
level=info msg=pass.semantic.collected functions=3
level=info msg=pass.semantic.token_vectors count=17
level=info msg=pass.semantic.vectors_stored count=3
level=info msg=pass.semantic.lsh_built functions=3 bands=16
level=info msg=pass.done pass=semantic_edges edges=0
level=info msg=pass.timing pass=semantic_edges elapsed_ms=1242
level=info msg=pass.complexity functions=3
level=info msg=pass.timing pass=complexity elapsed_ms=0
level=info msg=gbuf.dump nodes=10 edges=17
level=info msg=pass.timing pass=dump elapsed_ms=12
level=info msg=pass.timing pass=persist_hashes files=3
level=info msg=pipeline.done nodes=0 edges=17 elapsed_ms=1347
PASS
  pipeline_adr_survives_full_reindex                     level=info msg=pipeline.discover files=1 elapsed_ms=1
level=info msg=pipeline.route path=full
level=info msg=pass.start pass=structure files=1
level=info msg=pass.done pass=structure nodes=3 edges=2
level=info msg=pass.timing pass=structure elapsed_ms=0
level=info msg=pipeline.mode mode=sequential files=1
level=info msg=pkgmap.scan_repo manifests=0
level=info msg=pkgmap.scan manifests_from_files=0 manifests_from_walk=0 entries=0
level=info msg=pass.start pass=definitions files=1
level=info msg=pass.done pass=definitions defs=14 calls=0 imports=0 errors=0
level=info msg=pass.timing pass=definitions elapsed_ms=2
level=info msg=pass.start pass=k8s files=1
level=info msg=pass.done pass=k8s kustomize=0 manifests=0
level=info msg=pass.timing pass=k8s elapsed_ms=0
level=info msg=pass.start pass=lsp_cross files=1
level=info msg=pass.done pass=lsp_cross files_processed=1 files_skipped_no_lsp=0 files_skipped_no_source=0 defs_total=13 lsp_calls=1
level=info msg=pass.timing pass=lsp_cross elapsed_ms=4
level=info msg=pass.start pass=calls files=1
level=info msg=pass.done pass=calls total=0 resolved=0 unresolved=0 errors=0
level=info msg=pass.timing pass=calls elapsed_ms=0
level=info msg=pass.start pass=usages files=1
level=info msg=pass.done pass=usages usage=0 throws=0 rw=0 errors=0
level=info msg=pass.timing pass=usages elapsed_ms=0
level=info msg=pass.start pass=semantic files=1
level=info msg=pass.done pass=semantic inherits=0 decorates=0 implements=0 overrides=0 errors=0
level=info msg=pass.timing pass=semantic elapsed_ms=0
level=info msg=pass.start pass=tests
level=info msg=pass.done pass=tests tests=0 tests_file=0
level=info msg=pass.timing pass=tests elapsed_ms=0
level=info msg=pass.timing pass=githistory_compute elapsed_ms=37
level=info msg=pass.done pass=githistory commits=0 edges=0
level=info msg=pass.timing pass=decorator_tags elapsed_ms=0
level=info msg=configlinker.skip reason=no_config_files
level=info msg=pass.timing pass=configlink elapsed_ms=0
level=info msg=pass.timing pass=route_match elapsed_ms=0
level=info msg=pass.start pass=similarity
level=info msg=pass.similarity.collected nodes_with_fp=0
level=info msg=pass.done pass=similarity edges=0
level=info msg=pass.timing pass=similarity elapsed_ms=0
level=info msg=pass.start pass=semantic_edges
level=info msg=pass.semantic.collected functions=8
level=info msg=pass.semantic.token_vectors count=25
level=info msg=pass.semantic.vectors_stored count=8
level=info msg=pass.semantic.lsh_built functions=8 bands=16
level=info msg=pass.done pass=semantic_edges edges=0
level=info msg=pass.timing pass=semantic_edges elapsed_ms=1246
level=info msg=pass.complexity functions=8
level=info msg=pass.timing pass=complexity elapsed_ms=0
level=info msg=gbuf.dump nodes=17 edges=16
level=info msg=pass.timing pass=dump elapsed_ms=11
level=info msg=pass.timing pass=persist_hashes files=1
level=info msg=pipeline.done nodes=0 edges=16 elapsed_ms=1343
level=info msg=pipeline.discover files=5 elapsed_ms=1
level=info msg=pipeline.route path=mode_change_reindex stored_hashes=1 discovered=5
level=info msg=pipeline.route path=reindex action=deleting_old_db
level=info msg=pipeline.route path=full
level=info msg=pass.start pass=structure files=5
level=info msg=pass.done pass=structure nodes=7 edges=6
level=info msg=pass.timing pass=structure elapsed_ms=0
level=info msg=pipeline.mode mode=sequential files=5
level=info msg=pkgmap.scan_repo manifests=0
level=info msg=pkgmap.scan manifests_from_files=0 manifests_from_walk=0 entries=0
level=info msg=pass.start pass=definitions files=5
level=info msg=pass.done pass=definitions defs=70 calls=0 imports=0 errors=0
level=info msg=pass.timing pass=definitions elapsed_ms=5
level=info msg=pass.start pass=k8s files=5
level=info msg=pass.done pass=k8s kustomize=0 manifests=0
level=info msg=pass.timing pass=k8s elapsed_ms=0
level=info msg=pass.start pass=lsp_cross files=5
level=info msg=pass.done pass=lsp_cross files_processed=5 files_skipped_no_lsp=0 files_skipped_no_source=0 defs_total=65 lsp_calls=5
level=info msg=pass.timing pass=lsp_cross elapsed_ms=4
level=info msg=pass.start pass=calls files=5
level=info msg=pass.done pass=calls total=0 resolved=0 unresolved=0 errors=0
level=info msg=pass.timing pass=calls elapsed_ms=0
level=info msg=pass.start pass=usages files=5
level=info msg=pass.done pass=usages usage=0 throws=0 rw=0 errors=0
level=info msg=pass.timing pass=usages elapsed_ms=0
level=info msg=pass.start pass=semantic files=5
level=info msg=pass.done pass=semantic inherits=0 decorates=0 implements=0 overrides=0 errors=0
level=info msg=pass.timing pass=semantic elapsed_ms=0
level=info msg=pass.start pass=tests
level=info msg=pass.done pass=tests tests=0 tests_file=0
level=info msg=pass.timing pass=tests elapsed_ms=0
level=info msg=pass.timing pass=githistory_compute elapsed_ms=31
level=info msg=pass.done pass=githistory commits=0 edges=0
level=info msg=pass.timing pass=decorator_tags elapsed_ms=0
level=info msg=configlinker.skip reason=no_config_files
level=info msg=pass.timing pass=configlink elapsed_ms=0
level=info msg=pass.timing pass=route_match elapsed_ms=0
level=info msg=pass.start pass=similarity
level=info msg=pass.similarity.collected nodes_with_fp=0
level=info msg=pass.done pass=similarity edges=0
level=info msg=pass.timing pass=similarity elapsed_ms=0
level=info msg=pass.start pass=semantic_edges
level=info msg=pass.semantic.collected functions=12
level=info msg=pass.semantic.token_vectors count=33
level=info msg=pass.semantic.vectors_stored count=12
level=info msg=pass.semantic.lsh_built functions=12 bands=16
level=info msg=pass.done pass=semantic_edges edges=0
level=info msg=pass.timing pass=semantic_edges elapsed_ms=1212
level=info msg=pass.complexity functions=12
level=info msg=pass.timing pass=complexity elapsed_ms=0
level=info msg=gbuf.dump nodes=29 edges=76
level=info msg=pass.timing pass=dump elapsed_ms=19
level=info msg=pass.timing pass=persist_hashes files=5
level=info msg=pipeline.done nodes=0 edges=76 elapsed_ms=1335
PASS
  pipeline_structure_edges                               level=info msg=pipeline.discover files=3 elapsed_ms=4
level=info msg=pipeline.route path=full
level=info msg=pass.start pass=structure files=3
level=info msg=pass.done pass=structure nodes=7 edges=6
level=info msg=pass.timing pass=structure elapsed_ms=0
level=info msg=pipeline.mode mode=sequential files=3
level=info msg=pkgmap.scan_repo manifests=0
level=info msg=pkgmap.scan manifests_from_files=0 manifests_from_walk=0 entries=0
level=info msg=pass.start pass=definitions files=3
level=info msg=pass.done pass=definitions defs=6 calls=2 imports=2 errors=0
level=info msg=pass.timing pass=definitions elapsed_ms=5
level=info msg=pass.start pass=k8s files=3
level=info msg=pass.done pass=k8s kustomize=0 manifests=0
level=info msg=pass.timing pass=k8s elapsed_ms=0
level=info msg=pass.start pass=lsp_cross files=3
level=info msg=pass.done pass=lsp_cross files_processed=3 files_skipped_no_lsp=0 files_skipped_no_source=0 defs_total=3 lsp_calls=3
level=info msg=pass.timing pass=lsp_cross elapsed_ms=3
level=info msg=pass.start pass=calls files=3
level=info msg=pass.done pass=calls total=2 resolved=2 unresolved=0 errors=0
level=info msg=pass.timing pass=calls elapsed_ms=0
level=info msg=pass.start pass=usages files=3
level=info msg=pass.done pass=usages usage=1 throws=0 rw=0 errors=0
level=info msg=pass.timing pass=usages elapsed_ms=0
level=info msg=pass.start pass=semantic files=3
level=info msg=pass.done pass=semantic inherits=0 decorates=0 implements=0 overrides=0 errors=0
level=info msg=pass.timing pass=semantic elapsed_ms=0
level=info msg=pass.start pass=tests
level=info msg=pass.done pass=tests tests=0 tests_file=0
level=info msg=pass.timing pass=tests elapsed_ms=0
level=info msg=pass.timing pass=githistory_compute elapsed_ms=31
level=info msg=pass.done pass=githistory commits=0 edges=0
level=info msg=pass.timing pass=decorator_tags elapsed_ms=0
level=info msg=configlinker.skip reason=no_config_files
level=info msg=pass.timing pass=configlink elapsed_ms=0
level=info msg=pass.timing pass=route_match elapsed_ms=0
level=info msg=pass.start pass=similarity
level=info msg=pass.similarity.collected nodes_with_fp=0
level=info msg=pass.done pass=similarity edges=0
level=info msg=pass.timing pass=similarity elapsed_ms=0
level=info msg=pass.start pass=semantic_edges
level=info msg=pass.semantic.collected functions=3
level=info msg=pass.semantic.token_vectors count=17
level=info msg=pass.semantic.vectors_stored count=3
level=info msg=pass.semantic.lsh_built functions=3 bands=16
level=info msg=pass.done pass=semantic_edges edges=0
level=info msg=pass.timing pass=semantic_edges elapsed_ms=1146
level=info msg=pass.complexity functions=3
level=info msg=pass.timing pass=complexity elapsed_ms=0
level=info msg=gbuf.dump nodes=10 edges=17
level=info msg=pass.timing pass=dump elapsed_ms=15
level=info msg=pass.timing pass=persist_hashes files=3
level=info msg=pipeline.done nodes=0 edges=17 elapsed_ms=1250
PASS
  pipeline_branch_root_structure                         level=info msg=pipeline.discover files=3 elapsed_ms=2
level=info msg=pipeline.route path=full
level=info msg=pass.start pass=structure files=3
level=info msg=pass.done pass=structure nodes=7 edges=6
level=info msg=pass.timing pass=structure elapsed_ms=0
level=info msg=pipeline.mode mode=sequential files=3
level=info msg=pkgmap.scan_repo manifests=0
level=info msg=pkgmap.scan manifests_from_files=0 manifests_from_walk=0 entries=0
level=info msg=pass.start pass=definitions files=3
level=info msg=pass.done pass=definitions defs=6 calls=2 imports=2 errors=0
level=info msg=pass.timing pass=definitions elapsed_ms=6
level=info msg=pass.start pass=k8s files=3
level=info msg=pass.done pass=k8s kustomize=0 manifests=0
level=info msg=pass.timing pass=k8s elapsed_ms=3
level=info msg=pass.start pass=lsp_cross files=3
level=info msg=pass.done pass=lsp_cross files_processed=3 files_skipped_no_lsp=0 files_skipped_no_source=0 defs_total=3 lsp_calls=3
level=info msg=pass.timing pass=lsp_cross elapsed_ms=4
level=info msg=pass.start pass=calls files=3
level=info msg=pass.done pass=calls total=2 resolved=2 unresolved=0 errors=0
level=info msg=pass.timing pass=calls elapsed_ms=1
level=info msg=pass.start pass=usages files=3
level=info msg=pass.done pass=usages usage=1 throws=0 rw=0 errors=0
level=info msg=pass.timing pass=usages elapsed_ms=0
level=info msg=pass.start pass=semantic files=3
level=info msg=pass.done pass=semantic inherits=0 decorates=0 implements=0 overrides=0 errors=0
level=info msg=pass.timing pass=semantic elapsed_ms=0
level=info msg=pass.start pass=tests
level=info msg=pass.done pass=tests tests=0 tests_file=0
level=info msg=pass.timing pass=tests elapsed_ms=0
level=info msg=pass.timing pass=githistory_compute elapsed_ms=32
level=info msg=pass.done pass=githistory commits=0 edges=0
level=info msg=pass.timing pass=decorator_tags elapsed_ms=0
level=info msg=configlinker.skip reason=no_config_files
level=info msg=pass.timing pass=configlink elapsed_ms=0
level=info msg=pass.timing pass=route_match elapsed_ms=0
level=info msg=pass.start pass=similarity
level=info msg=pass.similarity.collected nodes_with_fp=0
level=info msg=pass.done pass=similarity edges=0
level=info msg=pass.timing pass=similarity elapsed_ms=0
level=info msg=pass.start pass=semantic_edges
level=info msg=pass.semantic.collected functions=3
level=info msg=pass.semantic.token_vectors count=17
level=info msg=pass.semantic.vectors_stored count=3
level=info msg=pass.semantic.lsh_built functions=3 bands=16
level=info msg=pass.done pass=semantic_edges edges=0
level=info msg=pass.timing pass=semantic_edges elapsed_ms=1201
level=info msg=pass.complexity functions=3
level=info msg=pass.timing pass=complexity elapsed_ms=0
level=info msg=gbuf.dump nodes=10 edges=17
level=info msg=pass.timing pass=dump elapsed_ms=15
level=info msg=pass.timing pass=persist_hashes files=3
level=info msg=pipeline.done nodes=0 edges=17 elapsed_ms=1304
PASS
  pipeline_project_name_derived                          PASS
  pipeline_fast_mode                                     level=info msg=pipeline.discover files=3 elapsed_ms=2
level=info msg=pipeline.route path=full
level=info msg=pass.start pass=structure files=3
level=info msg=pass.done pass=structure nodes=7 edges=6
level=info msg=pass.timing pass=structure elapsed_ms=0
level=info msg=pipeline.mode mode=sequential files=3
level=info msg=pkgmap.scan_repo manifests=0
level=info msg=pkgmap.scan manifests_from_files=0 manifests_from_walk=0 entries=0
level=info msg=pass.start pass=definitions files=3
level=info msg=pass.done pass=definitions defs=6 calls=2 imports=2 errors=0
level=info msg=pass.timing pass=definitions elapsed_ms=6
level=info msg=pass.start pass=k8s files=3
level=info msg=pass.done pass=k8s kustomize=0 manifests=0
level=info msg=pass.timing pass=k8s elapsed_ms=2
level=info msg=pass.start pass=lsp_cross files=3
level=info msg=pass.done pass=lsp_cross files_processed=3 files_skipped_no_lsp=0 files_skipped_no_source=0 defs_total=3 lsp_calls=3
level=info msg=pass.timing pass=lsp_cross elapsed_ms=5
level=info msg=pass.start pass=calls files=3
level=info msg=pass.done pass=calls total=2 resolved=2 unresolved=0 errors=0
level=info msg=pass.timing pass=calls elapsed_ms=0
level=info msg=pass.start pass=usages files=3
level=info msg=pass.done pass=usages usage=1 throws=0 rw=0 errors=0
level=info msg=pass.timing pass=usages elapsed_ms=0
level=info msg=pass.start pass=semantic files=3
level=info msg=pass.done pass=semantic inherits=0 decorates=0 implements=0 overrides=0 errors=0
level=info msg=pass.timing pass=semantic elapsed_ms=0
level=info msg=pass.start pass=tests
level=info msg=pass.done pass=tests tests=0 tests_file=0
level=info msg=pass.timing pass=tests elapsed_ms=0
level=info msg=pass.skip pass=githistory reason=fast_mode
level=info msg=pass.done pass=githistory commits=0 edges=0
level=info msg=pass.timing pass=decorator_tags elapsed_ms=0
level=info msg=configlinker.skip reason=no_config_files
level=info msg=pass.timing pass=configlink elapsed_ms=0
level=info msg=pass.timing pass=route_match elapsed_ms=0
level=info msg=pass.complexity functions=3
level=info msg=pass.timing pass=complexity elapsed_ms=0
level=info msg=gbuf.dump nodes=10 edges=17
level=info msg=pass.timing pass=dump elapsed_ms=11
level=info msg=pass.timing pass=persist_hashes files=3
level=info msg=pipeline.done nodes=0 edges=17 elapsed_ms=66
PASS
  pipeline_definitions_function_nodes                    level=info msg=pipeline.discover files=3 elapsed_ms=2
level=info msg=pipeline.route path=full
level=info msg=pass.start pass=structure files=3
level=info msg=pass.done pass=structure nodes=7 edges=6
level=info msg=pass.timing pass=structure elapsed_ms=0
level=info msg=pipeline.mode mode=sequential files=3
level=info msg=pkgmap.scan_repo manifests=0
level=info msg=pkgmap.scan manifests_from_files=0 manifests_from_walk=0 entries=0
level=info msg=pass.start pass=definitions files=3
level=info msg=pass.done pass=definitions defs=6 calls=2 imports=2 errors=0
level=info msg=pass.timing pass=definitions elapsed_ms=5
level=info msg=pass.start pass=k8s files=3
level=info msg=pass.done pass=k8s kustomize=0 manifests=0
level=info msg=pass.timing pass=k8s elapsed_ms=0
level=info msg=pass.start pass=lsp_cross files=3
level=info msg=pass.done pass=lsp_cross files_processed=3 files_skipped_no_lsp=0 files_skipped_no_source=0 defs_total=3 lsp_calls=3
level=info msg=pass.timing pass=lsp_cross elapsed_ms=4
level=info msg=pass.start pass=calls files=3
level=info msg=pass.done pass=calls total=2 resolved=2 unresolved=0 errors=0
level=info msg=pass.timing pass=calls elapsed_ms=0
level=info msg=pass.start pass=usages files=3
level=info msg=pass.done pass=usages usage=1 throws=0 rw=0 errors=0
level=info msg=pass.timing pass=usages elapsed_ms=0
level=info msg=pass.start pass=semantic files=3
level=info msg=pass.done pass=semantic inherits=0 decorates=0 implements=0 overrides=0 errors=0
level=info msg=pass.timing pass=semantic elapsed_ms=0
level=info msg=pass.start pass=tests
level=info msg=pass.done pass=tests tests=0 tests_file=0
level=info msg=pass.timing pass=tests elapsed_ms=0
level=info msg=pass.timing pass=githistory_compute elapsed_ms=32
level=info msg=pass.done pass=githistory commits=0 edges=0
level=info msg=pass.timing pass=decorator_tags elapsed_ms=0
level=info msg=configlinker.skip reason=no_config_files
level=info msg=pass.timing pass=configlink elapsed_ms=0
level=info msg=pass.timing pass=route_match elapsed_ms=0
level=info msg=pass.start pass=similarity
level=info msg=pass.similarity.collected nodes_with_fp=0
level=info msg=pass.done pass=similarity edges=0
level=info msg=pass.timing pass=similarity elapsed_ms=0
level=info msg=pass.start pass=semantic_edges
level=info msg=pass.semantic.collected functions=3
level=info msg=pass.semantic.token_vectors count=17
level=info msg=pass.semantic.vectors_stored count=3
level=info msg=pass.semantic.lsh_built functions=3 bands=16
level=info msg=pass.done pass=semantic_edges edges=0
level=info msg=pass.timing pass=semantic_edges elapsed_ms=1196
level=info msg=pass.complexity functions=3
level=info msg=pass.timing pass=complexity elapsed_ms=0
level=info msg=gbuf.dump nodes=10 edges=17
level=info msg=pass.timing pass=dump elapsed_ms=10
level=info msg=pass.timing pass=persist_hashes files=3
level=info msg=pipeline.done nodes=0 edges=17 elapsed_ms=1297
PASS
  pipeline_definitions_defines_edges                     level=info msg=pipeline.discover files=3 elapsed_ms=2
level=info msg=pipeline.route path=full
level=info msg=pass.start pass=structure files=3
level=info msg=pass.done pass=structure nodes=7 edges=6
level=info msg=pass.timing pass=structure elapsed_ms=0
level=info msg=pipeline.mode mode=sequential files=3
level=info msg=pkgmap.scan_repo manifests=0
level=info msg=pkgmap.scan manifests_from_files=0 manifests_from_walk=0 entries=0
level=info msg=pass.start pass=definitions files=3
level=info msg=pass.done pass=definitions defs=6 calls=2 imports=2 errors=0
level=info msg=pass.timing pass=definitions elapsed_ms=5
level=info msg=pass.start pass=k8s files=3
level=info msg=pass.done pass=k8s kustomize=0 manifests=0
level=info msg=pass.timing pass=k8s elapsed_ms=0
level=info msg=pass.start pass=lsp_cross files=3
level=info msg=pass.done pass=lsp_cross files_processed=3 files_skipped_no_lsp=0 files_skipped_no_source=0 defs_total=3 lsp_calls=3
level=info msg=pass.timing pass=lsp_cross elapsed_ms=4
level=info msg=pass.start pass=calls files=3
level=info msg=pass.done pass=calls total=2 resolved=2 unresolved=0 errors=0
level=info msg=pass.timing pass=calls elapsed_ms=0
level=info msg=pass.start pass=usages files=3
level=info msg=pass.done pass=usages usage=1 throws=0 rw=0 errors=0
level=info msg=pass.timing pass=usages elapsed_ms=0
level=info msg=pass.start pass=semantic files=3
level=info msg=pass.done pass=semantic inherits=0 decorates=0 implements=0 overrides=0 errors=0
level=info msg=pass.timing pass=semantic elapsed_ms=0
level=info msg=pass.start pass=tests
level=info msg=pass.done pass=tests tests=0 tests_file=0
level=info msg=pass.timing pass=tests elapsed_ms=0
level=info msg=pass.timing pass=githistory_compute elapsed_ms=32
level=info msg=pass.done pass=githistory commits=0 edges=0
level=info msg=pass.timing pass=decorator_tags elapsed_ms=0
level=info msg=configlinker.skip reason=no_config_files
level=info msg=pass.timing pass=configlink elapsed_ms=0
level=info msg=pass.timing pass=route_match elapsed_ms=0
level=info msg=pass.start pass=similarity
level=info msg=pass.similarity.collected nodes_with_fp=0
level=info msg=pass.done pass=similarity edges=0
level=info msg=pass.timing pass=similarity elapsed_ms=0
level=info msg=pass.start pass=semantic_edges
level=info msg=pass.semantic.collected functions=3
level=info msg=pass.semantic.token_vectors count=17
level=info msg=pass.semantic.vectors_stored count=3
level=info msg=pass.semantic.lsh_built functions=3 bands=16
level=info msg=pass.done pass=semantic_edges edges=0
level=info msg=pass.timing pass=semantic_edges elapsed_ms=1202
level=info msg=pass.complexity functions=3
level=info msg=pass.timing pass=complexity elapsed_ms=0
level=info msg=gbuf.dump nodes=10 edges=17
level=info msg=pass.timing pass=dump elapsed_ms=13
level=info msg=pass.timing pass=persist_hashes files=3
level=info msg=pipeline.done nodes=0 edges=17 elapsed_ms=1306
PASS
  pipeline_definitions_properties                        level=info msg=pipeline.discover files=3 elapsed_ms=2
level=info msg=pipeline.route path=full
level=info msg=pass.start pass=structure files=3
level=info msg=pass.done pass=structure nodes=7 edges=6
level=info msg=pass.timing pass=structure elapsed_ms=0
level=info msg=pipeline.mode mode=sequential files=3
level=info msg=pkgmap.scan_repo manifests=0
level=info msg=pkgmap.scan manifests_from_files=0 manifests_from_walk=0 entries=0
level=info msg=pass.start pass=definitions files=3
level=info msg=pass.done pass=definitions defs=6 calls=2 imports=2 errors=0
level=info msg=pass.timing pass=definitions elapsed_ms=5
level=info msg=pass.start pass=k8s files=3
level=info msg=pass.done pass=k8s kustomize=0 manifests=0
level=info msg=pass.timing pass=k8s elapsed_ms=0
level=info msg=pass.start pass=lsp_cross files=3
level=info msg=pass.done pass=lsp_cross files_processed=3 files_skipped_no_lsp=0 files_skipped_no_source=0 defs_total=3 lsp_calls=3
level=info msg=pass.timing pass=lsp_cross elapsed_ms=4
level=info msg=pass.start pass=calls files=3
level=info msg=pass.done pass=calls total=2 resolved=2 unresolved=0 errors=0
level=info msg=pass.timing pass=calls elapsed_ms=0
level=info msg=pass.start pass=usages files=3
level=info msg=pass.done pass=usages usage=1 throws=0 rw=0 errors=0
level=info msg=pass.timing pass=usages elapsed_ms=0
level=info msg=pass.start pass=semantic files=3
level=info msg=pass.done pass=semantic inherits=0 decorates=0 implements=0 overrides=0 errors=0
level=info msg=pass.timing pass=semantic elapsed_ms=0
level=info msg=pass.start pass=tests
level=info msg=pass.done pass=tests tests=0 tests_file=0
level=info msg=pass.timing pass=tests elapsed_ms=0
level=info msg=pass.timing pass=githistory_compute elapsed_ms=32
level=info msg=pass.done pass=githistory commits=0 edges=0
level=info msg=pass.timing pass=decorator_tags elapsed_ms=0
level=info msg=configlinker.skip reason=no_config_files
level=info msg=pass.timing pass=configlink elapsed_ms=0
level=info msg=pass.timing pass=route_match elapsed_ms=0
level=info msg=pass.start pass=similarity
level=info msg=pass.similarity.collected nodes_with_fp=0
level=info msg=pass.done pass=similarity edges=0
level=info msg=pass.timing pass=similarity elapsed_ms=0
level=info msg=pass.start pass=semantic_edges
level=info msg=pass.semantic.collected functions=3
level=info msg=pass.semantic.token_vectors count=17
level=info msg=pass.semantic.vectors_stored count=3
level=info msg=pass.semantic.lsh_built functions=3 bands=16
level=info msg=pass.done pass=semantic_edges edges=0
level=info msg=pass.timing pass=semantic_edges elapsed_ms=1214
level=info msg=pass.complexity functions=3
level=info msg=pass.timing pass=complexity elapsed_ms=0
level=info msg=gbuf.dump nodes=10 edges=17
level=info msg=pass.timing pass=dump elapsed_ms=14
level=info msg=pass.timing pass=persist_hashes files=3
level=info msg=pipeline.done nodes=0 edges=17 elapsed_ms=1330
PASS
  pipeline_def_props_valid_json_when_oversized           level=info msg=pipeline.discover files=64 elapsed_ms=6
level=info msg=pipeline.route path=full
level=info msg=pass.start pass=structure files=64
level=info msg=pass.done pass=structure nodes=68 edges=67
level=info msg=pass.timing pass=structure elapsed_ms=3
level=info msg=pipeline.mode mode=parallel workers=20 files=64
level=info msg=parallel.extract.start files=64 workers=20
level=info msg=parallel.extract.retention retain_sources=true total_mb=1024 per_file_mb=32
level=info msg=parallel.extract.file.start pos=0 size_kb=3 path=sweep_69.c
level=info msg=parallel.extract.file.start pos=1 size_kb=3 path=sweep_68.c
level=info msg=parallel.extract.file.start pos=11 size_kb=3 path=sweep_58.c
level=info msg=parallel.extract.file.start pos=2 size_kb=3 path=sweep_67.c
level=info msg=parallel.extract.file.start pos=4 size_kb=3 path=sweep_65.c
level=info msg=parallel.extract.file.start pos=5 size_kb=3 path=sweep_64.c
level=info msg=parallel.extract.file.start pos=6 size_kb=3 path=sweep_63.c
level=info msg=parallel.extract.file.start pos=7 size_kb=3 path=sweep_62.c
level=info msg=parallel.extract.file.start pos=9 size_kb=3 path=sweep_60.c
level=info msg=parallel.extract.file.start pos=10 size_kb=3 path=sweep_59.c
level=info msg=parallel.extract.file.start pos=8 size_kb=3 path=sweep_61.c
level=info msg=parallel.extract.file.start pos=3 size_kb=3 path=sweep_66.c
level=info msg=parallel.extract.file.start pos=16 size_kb=2 path=sweep_53.c
level=info msg=parallel.extract.file.start pos=13 size_kb=3 path=sweep_56.c
level=info msg=parallel.extract.file.start pos=12 size_kb=3 path=sweep_57.c
level=info msg=parallel.extract.file.start pos=14 size_kb=3 path=sweep_55.c
level=info msg=parallel.extract.file.start pos=15 size_kb=3 path=sweep_54.c
level=info msg=parallel.extract.file.start pos=17 size_kb=2 path=sweep_52.c
level=info msg=parallel.extract.file.start pos=18 size_kb=2 path=sweep_51.c
level=info msg=parallel.extract.file.start pos=19 size_kb=2 path=sweep_50.c
level=info msg=parallel.extract.file.done pos=1 elapsed_ms=4 defs=2 path=sweep_68.c
level=info msg=parallel.extract.file.done pos=11 elapsed_ms=4 defs=2 path=sweep_58.c
level=info msg=parallel.extract.file.done pos=0 elapsed_ms=5 defs=2 path=sweep_69.c
level=info msg=parallel.extract.file.done pos=2 elapsed_ms=4 defs=2 path=sweep_67.c
level=info msg=parallel.extract.file.done pos=5 elapsed_ms=4 defs=2 path=sweep_64.c
level=info msg=parallel.extract.file.done pos=4 elapsed_ms=4 defs=2 path=sweep_65.c
level=info msg=parallel.extract.file.done pos=6 elapsed_ms=4 defs=2 path=sweep_63.c
level=info msg=parallel.extract.file.done pos=7 elapsed_ms=4 defs=2 path=sweep_62.c
level=info msg=parallel.extract.file.done pos=9 elapsed_ms=4 defs=2 path=sweep_60.c
level=info msg=parallel.extract.file.done pos=8 elapsed_ms=4 defs=2 path=sweep_61.c
level=info msg=parallel.extract.file.done pos=10 elapsed_ms=4 defs=2 path=sweep_59.c
level=info msg=parallel.extract.file.done pos=16 elapsed_ms=4 defs=2 path=sweep_53.c
level=info msg=parallel.extract.file.start pos=20 size_kb=2 path=sweep_49.c
level=info msg=parallel.extract.file.done pos=13 elapsed_ms=4 defs=2 path=sweep_56.c
level=info msg=parallel.extract.file.start pos=22 size_kb=2 path=sweep_47.c
level=info msg=parallel.extract.file.done pos=3 elapsed_ms=5 defs=2 path=sweep_66.c
level=info msg=parallel.extract.file.done pos=14 elapsed_ms=4 defs=2 path=sweep_55.c
level=info msg=parallel.extract.file.start pos=21 size_kb=2 path=sweep_48.c
level=info msg=parallel.extract.file.done pos=19 elapsed_ms=4 defs=2 path=sweep_50.c
level=info msg=parallel.extract.file.done pos=15 elapsed_ms=5 defs=2 path=sweep_54.c
level=info msg=parallel.extract.file.done pos=12 elapsed_ms=4 defs=2 path=sweep_57.c
level=info msg=parallel.extract.file.start pos=23 size_kb=2 path=sweep_46.c
level=info msg=parallel.extract.progress done=10 total=64
level=info msg=parallel.extract.file.done pos=18 elapsed_ms=5 defs=2 path=sweep_51.c
level=info msg=parallel.extract.file.done pos=17 elapsed_ms=7 defs=2 path=sweep_52.c
level=info msg=parallel.extract.file.done pos=20 elapsed_ms=4 defs=2 path=sweep_49.c
level=info msg=parallel.extract.progress done=20 total=64
level=info msg=parallel.extract.file.done pos=22 elapsed_ms=5 defs=2 path=sweep_47.c
level=info msg=parallel.extract.file.done pos=23 elapsed_ms=4 defs=2 path=sweep_46.c
level=info msg=parallel.extract.file.done pos=21 elapsed_ms=5 defs=2 path=sweep_48.c
level=info msg=parallel.extract.progress done=30 total=64
level=info msg=parallel.extract.progress done=40 total=64
level=info msg=parallel.extract.progress done=50 total=64
level=info msg=parallel.extract.progress done=60 total=64
level=info msg=parallel.extract.progress done=64 total=64
level=info msg=pkgmap.scan_repo manifests=0
level=info msg=parallel.extract.done nodes=128 errors=0
level=info msg=pass.timing pass=parallel_extract elapsed_ms=36
level=info msg=mem.collect phase=post_extract rss_mb=293
level=info msg=parallel.registry.start files=64
level=info msg=parallel.registry.done entries=64 defines=128 imports=2
level=info msg=pass.timing pass=registry_build elapsed_ms=4
level=info msg=mem.phase phase=registry_build rss_mb=293 peak_mb=303
level=info msg=pass.timing pass=lsp_cross_prepare elapsed_ms=3
level=info msg=mem.phase phase=lsp_cross_prepare rss_mb=296 peak_mb=303
level=info msg=parallel.resolve.start files=64 workers=20
level=info msg=parallel.resolve.lsp_cross_done files_processed=0 files_skipped_no_source=0 defs_total=64
level=info msg=parallel.resolve.done calls=2 usages=1 semantic=0 lsp_overrides=0
level=info msg=parallel.resolve.phase_summary total_loop_cpu_ms=80 files_visited=64
level=info msg=parallel.resolve.phase_ms_a import_map=3 cross_lsp=0 resolve_calls=0
level=info msg=parallel.resolve.phase_ms_b resolve_usages=41 resolve_throws=0 resolve_rw=0 resolve_semantic=0
level=info msg=parallel.resolve.calls_breakdown find_source=0 lsp_lookup=0 resolve=0
level=info msg=parallel.resolve.calls_breakdown2 field_hint=0 find_target=0 emit_edge=0
level=info msg=pass.timing pass=parallel_resolve elapsed_ms=10
level=info msg=mem.phase phase=parallel_resolve rss_mb=299 peak_mb=303
level=info msg=pass.start pass=k8s files=64
level=info msg=pass.done pass=k8s kustomize=0 manifests=0
level=info msg=pass.timing pass=k8s elapsed_ms=0
level=info msg=pass.start pass=tests
level=info msg=pass.done pass=tests tests=0 tests_file=0
level=info msg=pass.timing pass=tests elapsed_ms=0
level=info msg=pass.timing pass=githistory_compute elapsed_ms=33
level=info msg=pass.done pass=githistory commits=0 edges=0
level=info msg=pass.timing pass=decorator_tags elapsed_ms=0
level=info msg=configlinker.skip reason=no_config_files
level=info msg=pass.timing pass=configlink elapsed_ms=0
level=info msg=pass.timing pass=route_match elapsed_ms=0
level=info msg=pass.start pass=similarity
level=info msg=pass.similarity.collected nodes_with_fp=0
level=info msg=pass.done pass=similarity edges=0
level=info msg=pass.timing pass=similarity elapsed_ms=0
level=info msg=pass.start pass=semantic_edges
level=info msg=pass.semantic.collected functions=64
level=info msg=pass.semantic.token_vectors count=105
level=info msg=pass.semantic.vectors_stored count=64
level=info msg=pass.semantic.lsh_built functions=64 bands=16
level=info msg=pass.done pass=semantic_edges edges=0
level=info msg=pass.timing pass=semantic_edges elapsed_ms=1201
level=info msg=pass.complexity functions=64
level=info msg=pass.timing pass=complexity elapsed_ms=0
level=info msg=gbuf.dump nodes=193 edges=200
level=info msg=pass.timing pass=dump elapsed_ms=52
level=info msg=pass.timing pass=persist_hashes files=64
level=info msg=pipeline.done nodes=0 edges=200 elapsed_ms=1398
PASS
  pipeline_edge_props_valid_json                         level=info msg=pipeline.discover files=4 elapsed_ms=2
level=info msg=pipeline.route path=full
level=info msg=pass.start pass=structure files=4
level=info msg=pass.done pass=structure nodes=8 edges=7
level=info msg=pass.timing pass=structure elapsed_ms=0
level=info msg=pipeline.mode mode=sequential files=4
level=info msg=pkgmap.scan_repo manifests=0
level=info msg=pkgmap.scan manifests_from_files=0 manifests_from_walk=0 entries=0
level=info msg=pass.start pass=definitions files=4
level=info msg=pass.done pass=definitions defs=21 calls=4 imports=2 errors=0
level=info msg=pass.timing pass=definitions elapsed_ms=8
level=info msg=pass.start pass=k8s files=4
level=info msg=pass.done pass=k8s kustomize=0 manifests=0
level=info msg=pass.timing pass=k8s elapsed_ms=0
level=info msg=pass.start pass=lsp_cross files=4
level=info msg=pass.done pass=lsp_cross files_processed=4 files_skipped_no_lsp=0 files_skipped_no_source=0 defs_total=17 lsp_calls=4
level=info msg=pass.timing pass=lsp_cross elapsed_ms=4
level=info msg=pass.start pass=calls files=4
level=info msg=pass.done pass=calls total=4 resolved=2 unresolved=2 errors=0
level=info msg=pass.timing pass=calls elapsed_ms=0
level=info msg=pass.start pass=usages files=4
level=info msg=pass.done pass=usages usage=1 throws=0 rw=0 errors=0
level=info msg=pass.timing pass=usages elapsed_ms=0
level=info msg=pass.start pass=semantic files=4
level=info msg=pass.done pass=semantic inherits=0 decorates=2 implements=0 overrides=0 errors=0
level=info msg=pass.timing pass=semantic elapsed_ms=0
level=info msg=pass.start pass=tests
level=info msg=pass.done pass=tests tests=0 tests_file=0
level=info msg=pass.timing pass=tests elapsed_ms=0
level=info msg=pass.timing pass=githistory_compute elapsed_ms=33
level=info msg=pass.done pass=githistory commits=0 edges=0
level=info msg=pass.decorator_tags candidates=yes tagged=yes
level=info msg=pass.timing pass=decorator_tags elapsed_ms=0
level=info msg=configlinker.skip reason=no_config_files
level=info msg=pass.timing pass=configlink elapsed_ms=0
level=info msg=pass.timing pass=route_match elapsed_ms=0
level=info msg=pass.start pass=similarity
level=info msg=pass.similarity.collected nodes_with_fp=0
level=info msg=pass.done pass=similarity edges=0
level=info msg=pass.timing pass=similarity elapsed_ms=0
level=info msg=pass.start pass=semantic_edges
level=info msg=pass.semantic.collected functions=12
level=info msg=pass.semantic.token_vectors count=40
level=info msg=pass.semantic.vectors_stored count=12
level=info msg=pass.semantic.lsh_built functions=12 bands=16
level=info msg=pass.done pass=semantic_edges edges=0
level=info msg=pass.timing pass=semantic_edges elapsed_ms=1175
level=info msg=pass.complexity functions=12
level=info msg=pass.timing pass=complexity elapsed_ms=0
level=info msg=gbuf.dump nodes=27 edges=37
level=info msg=pass.timing pass=dump elapsed_ms=24
level=info msg=pass.timing pass=persist_hashes files=4
level=info msg=pipeline.done nodes=0 edges=37 elapsed_ms=1298
PASS
  pipeline_complexity_transitive_loop_depth              level=info msg=pipeline.discover files=1 elapsed_ms=1
level=info msg=pipeline.route path=full
level=info msg=pass.start pass=structure files=1
level=info msg=pass.done pass=structure nodes=3 edges=2
level=info msg=pass.timing pass=structure elapsed_ms=0
level=info msg=pipeline.mode mode=sequential files=1
level=info msg=pkgmap.scan_repo manifests=0
level=info msg=pkgmap.scan manifests_from_files=0 manifests_from_walk=0 entries=0
level=info msg=pass.start pass=definitions files=1
level=info msg=pass.done pass=definitions defs=5 calls=3 imports=0 errors=0
level=info msg=pass.timing pass=definitions elapsed_ms=3
level=info msg=pass.start pass=k8s files=1
level=info msg=pass.done pass=k8s kustomize=0 manifests=0
level=info msg=pass.timing pass=k8s elapsed_ms=3
level=info msg=pass.start pass=lsp_cross files=1
level=info msg=pass.done pass=lsp_cross files_processed=1 files_skipped_no_lsp=0 files_skipped_no_source=0 defs_total=4 lsp_calls=1
level=info msg=pass.timing pass=lsp_cross elapsed_ms=4
level=info msg=pass.start pass=calls files=1
level=info msg=pass.done pass=calls total=3 resolved=2 unresolved=1 errors=0
level=info msg=pass.timing pass=calls elapsed_ms=0
level=info msg=pass.start pass=usages files=1
level=info msg=pass.done pass=usages usage=0 throws=0 rw=0 errors=0
level=info msg=pass.timing pass=usages elapsed_ms=0
level=info msg=pass.start pass=semantic files=1
level=info msg=pass.done pass=semantic inherits=0 decorates=0 implements=0 overrides=0 errors=0
level=info msg=pass.timing pass=semantic elapsed_ms=0
level=info msg=pass.start pass=tests
level=info msg=pass.done pass=tests tests=0 tests_file=0
level=info msg=pass.timing pass=tests elapsed_ms=0
level=info msg=pass.timing pass=githistory_compute elapsed_ms=43
level=info msg=pass.done pass=githistory commits=0 edges=0
level=info msg=pass.timing pass=decorator_tags elapsed_ms=0
level=info msg=configlinker.skip reason=no_config_files
level=info msg=pass.timing pass=configlink elapsed_ms=0
level=info msg=pass.timing pass=route_match elapsed_ms=0
level=info msg=pass.start pass=similarity
level=info msg=pass.similarity.collected nodes_with_fp=0
level=info msg=pass.done pass=similarity edges=0
level=info msg=pass.timing pass=similarity elapsed_ms=0
level=info msg=pass.start pass=semantic_edges
level=info msg=pass.semantic.collected functions=4
level=info msg=pass.semantic.token_vectors count=17
level=info msg=pass.semantic.vectors_stored count=4
level=info msg=pass.semantic.lsh_built functions=4 bands=16
level=info msg=pass.done pass=semantic_edges edges=0
level=info msg=pass.timing pass=semantic_edges elapsed_ms=1192
level=info msg=pass.complexity functions=4
level=info msg=pass.timing pass=complexity elapsed_ms=0
level=info msg=gbuf.dump nodes=7 edges=9
level=info msg=pass.timing pass=dump elapsed_ms=11
level=info msg=pass.timing pass=persist_hashes files=1
level=info msg=pipeline.done nodes=0 edges=9 elapsed_ms=1299
PASS
  pipeline_calls_resolution                              level=info msg=pipeline.discover files=3 elapsed_ms=2
level=info msg=pipeline.route path=full
level=info msg=pass.start pass=structure files=3
level=info msg=pass.done pass=structure nodes=7 edges=6
level=info msg=pass.timing pass=structure elapsed_ms=0
level=info msg=pipeline.mode mode=sequential files=3
level=info msg=pkgmap.scan_repo manifests=0
level=info msg=pkgmap.scan manifests_from_files=0 manifests_from_walk=0 entries=0
level=info msg=pass.start pass=definitions files=3
level=info msg=pass.done pass=definitions defs=6 calls=2 imports=2 errors=0
level=info msg=pass.timing pass=definitions elapsed_ms=5
level=info msg=pass.start pass=k8s files=3
level=info msg=pass.done pass=k8s kustomize=0 manifests=0
level=info msg=pass.timing pass=k8s elapsed_ms=0
level=info msg=pass.start pass=lsp_cross files=3
level=info msg=pass.done pass=lsp_cross files_processed=3 files_skipped_no_lsp=0 files_skipped_no_source=0 defs_total=3 lsp_calls=3
level=info msg=pass.timing pass=lsp_cross elapsed_ms=4
level=info msg=pass.start pass=calls files=3
level=info msg=pass.done pass=calls total=2 resolved=2 unresolved=0 errors=0
level=info msg=pass.timing pass=calls elapsed_ms=0
level=info msg=pass.start pass=usages files=3
level=info msg=pass.done pass=usages usage=1 throws=0 rw=0 errors=0
level=info msg=pass.timing pass=usages elapsed_ms=0
level=info msg=pass.start pass=semantic files=3
level=info msg=pass.done pass=semantic inherits=0 decorates=0 implements=0 overrides=0 errors=0
level=info msg=pass.timing pass=semantic elapsed_ms=0
level=info msg=pass.start pass=tests
level=info msg=pass.done pass=tests tests=0 tests_file=0
level=info msg=pass.timing pass=tests elapsed_ms=0
level=info msg=pass.timing pass=githistory_compute elapsed_ms=32
level=info msg=pass.done pass=githistory commits=0 edges=0
level=info msg=pass.timing pass=decorator_tags elapsed_ms=0
level=info msg=configlinker.skip reason=no_config_files
level=info msg=pass.timing pass=configlink elapsed_ms=0
level=info msg=pass.timing pass=route_match elapsed_ms=0
level=info msg=pass.start pass=similarity
level=info msg=pass.similarity.collected nodes_with_fp=0
level=info msg=pass.done pass=similarity edges=0
level=info msg=pass.timing pass=similarity elapsed_ms=0
level=info msg=pass.start pass=semantic_edges
level=info msg=pass.semantic.collected functions=3
level=info msg=pass.semantic.token_vectors count=17
level=info msg=pass.semantic.vectors_stored count=3
level=info msg=pass.semantic.lsh_built functions=3 bands=16
level=info msg=pass.done pass=semantic_edges edges=0
level=info msg=pass.timing pass=semantic_edges elapsed_ms=1202
level=info msg=pass.complexity functions=3
level=info msg=pass.timing pass=complexity elapsed_ms=0
level=info msg=gbuf.dump nodes=10 edges=17
level=info msg=pass.timing pass=dump elapsed_ms=10
level=info msg=pass.timing pass=persist_hashes files=3
level=info msg=pipeline.done nodes=0 edges=17 elapsed_ms=1299
PASS
  pipeline_incremental_preserves_cross_file_calls        level=info msg=pipeline.discover files=3 elapsed_ms=2
level=info msg=pipeline.route path=full
level=info msg=pass.start pass=structure files=3
level=info msg=pass.done pass=structure nodes=7 edges=6
level=info msg=pass.timing pass=structure elapsed_ms=0
level=info msg=pipeline.mode mode=sequential files=3
level=info msg=pkgmap.scan_repo manifests=0
level=info msg=pkgmap.scan manifests_from_files=0 manifests_from_walk=0 entries=0
level=info msg=pass.start pass=definitions files=3
level=info msg=pass.done pass=definitions defs=6 calls=2 imports=2 errors=0
level=info msg=pass.timing pass=definitions elapsed_ms=4
level=info msg=pass.start pass=k8s files=3
level=info msg=pass.done pass=k8s kustomize=0 manifests=0
level=info msg=pass.timing pass=k8s elapsed_ms=1
level=info msg=pass.start pass=lsp_cross files=3
level=info msg=pass.done pass=lsp_cross files_processed=3 files_skipped_no_lsp=0 files_skipped_no_source=0 defs_total=3 lsp_calls=3
level=info msg=pass.timing pass=lsp_cross elapsed_ms=4
level=info msg=pass.start pass=calls files=3
level=info msg=pass.done pass=calls total=2 resolved=2 unresolved=0 errors=0
level=info msg=pass.timing pass=calls elapsed_ms=0
level=info msg=pass.start pass=usages files=3
level=info msg=pass.done pass=usages usage=1 throws=0 rw=0 errors=0
level=info msg=pass.timing pass=usages elapsed_ms=0
level=info msg=pass.start pass=semantic files=3
level=info msg=pass.done pass=semantic inherits=0 decorates=0 implements=0 overrides=0 errors=0
level=info msg=pass.timing pass=semantic elapsed_ms=0
level=info msg=pass.start pass=tests
level=info msg=pass.done pass=tests tests=0 tests_file=0
level=info msg=pass.timing pass=tests elapsed_ms=0
level=info msg=pass.timing pass=githistory_compute elapsed_ms=30
level=info msg=pass.done pass=githistory commits=0 edges=0
level=info msg=pass.timing pass=decorator_tags elapsed_ms=0
level=info msg=configlinker.skip reason=no_config_files
level=info msg=pass.timing pass=configlink elapsed_ms=0
level=info msg=pass.timing pass=route_match elapsed_ms=0
level=info msg=pass.start pass=similarity
level=info msg=pass.similarity.collected nodes_with_fp=0
level=info msg=pass.done pass=similarity edges=0
level=info msg=pass.timing pass=similarity elapsed_ms=0
level=info msg=pass.start pass=semantic_edges
level=info msg=pass.semantic.collected functions=3
level=info msg=pass.semantic.token_vectors count=17
level=info msg=pass.semantic.vectors_stored count=3
level=info msg=pass.semantic.lsh_built functions=3 bands=16
level=info msg=pass.done pass=semantic_edges edges=0
level=info msg=pass.timing pass=semantic_edges elapsed_ms=1194
level=info msg=pass.complexity functions=3
level=info msg=pass.timing pass=complexity elapsed_ms=0
level=info msg=gbuf.dump nodes=10 edges=17
level=info msg=pass.timing pass=dump elapsed_ms=15
level=info msg=pass.timing pass=persist_hashes files=3
level=info msg=pipeline.done nodes=0 edges=17 elapsed_ms=1295
level=info msg=pipeline.discover files=3 elapsed_ms=2
level=info msg=pipeline.route path=incremental stored_hashes=3
level=info msg=incremental.classify changed=1 unchanged=2 deleted=0 mode_skipped=0
level=info msg=incremental.reparse files=1
level=info msg=incremental.load_db rc=0 nodes=10 edges=17 elapsed_ms=14
level=info msg=incremental.edge_snapshot captured=2 elapsed_ms=0
level=info msg=gbuf.delete_by_file file=pkg/util/helper.go scanned=10 deleted=2
level=info msg=incremental.purge elapsed_ms=0
level=info msg=incremental.registry_seed symbols=2 elapsed_ms=0
level=info msg=incremental.mode mode=sequential changed=1
level=info msg=pass.start pass=definitions files=1
level=info msg=pass.done pass=definitions defs=2 calls=0 imports=0 errors=0
level=info msg=pass.start pass=calls files=1
level=info msg=pass.done pass=calls total=0 resolved=0 unresolved=0 errors=0
level=info msg=pass.start pass=usages files=1
level=info msg=pass.done pass=usages usage=0 throws=0 rw=0 errors=0
level=info msg=pass.start pass=semantic files=1
level=info msg=pass.done pass=semantic inherits=0 decorates=0 implements=0 overrides=0 errors=0
level=info msg=pass.start pass=k8s files=1
level=info msg=pass.done pass=k8s kustomize=0 manifests=0
level=info msg=pass.start pass=tests
level=info msg=pass.done pass=tests tests=0 tests_file=0
level=info msg=pass.timing pass=incr_tests elapsed_ms=0
level=info msg=pass.timing pass=incr_decorator_tags elapsed_ms=0
level=info msg=configlinker.skip reason=no_config_files
level=info msg=pass.timing pass=incr_configlink elapsed_ms=0
level=info msg=pass.start pass=similarity
level=info msg=pass.similarity.collected nodes_with_fp=0
level=info msg=pass.done pass=similarity edges=0
level=info msg=pass.timing pass=incr_similarity elapsed_ms=0
level=info msg=pass.start pass=semantic_edges
level=info msg=pass.semantic.collected functions=3
level=info msg=pass.semantic.token_vectors count=17
level=info msg=pass.semantic.vectors_stored count=3
level=info msg=pass.semantic.lsh_built functions=3 bands=16
level=info msg=pass.done pass=semantic_edges edges=0
level=info msg=pass.timing pass=incr_semantic_edges elapsed_ms=1132
level=info msg=incremental.edge_relink relinked=2 captured=2 elapsed_ms=0
level=info msg=gbuf.dump nodes=10 edges=17
level=info msg=incremental.dump rc=0 elapsed_ms=14
level=info msg=incremental.done elapsed_ms=1210
PASS
  pipeline_tsjs_receiver_suppresses_weak_method_edge     level=info msg=pipeline.discover files=4 elapsed_ms=2
level=info msg=pipeline.route path=full
level=info msg=pass.start pass=structure files=4
level=info msg=pass.done pass=structure nodes=7 edges=6
level=info msg=pass.timing pass=structure elapsed_ms=0
level=info msg=pipeline.mode mode=sequential files=4
level=info msg=pkgmap.scan_repo manifests=0
level=info msg=pkgmap.scan manifests_from_files=0 manifests_from_walk=0 entries=0
level=info msg=pass.start pass=definitions files=4
level=info msg=pass.done pass=definitions defs=11 calls=3 imports=1 errors=0
level=info msg=pass.timing pass=definitions elapsed_ms=8
level=info msg=pass.start pass=k8s files=4
level=info msg=pass.done pass=k8s kustomize=0 manifests=0
level=info msg=pass.timing pass=k8s elapsed_ms=0
level=info msg=pass.start pass=lsp_cross files=4
level=info msg=pass.done pass=lsp_cross files_processed=4 files_skipped_no_lsp=0 files_skipped_no_source=0 defs_total=6 lsp_calls=4
level=info msg=pass.timing pass=lsp_cross elapsed_ms=5
level=info msg=pass.start pass=calls files=4
level=info msg=pass.done pass=calls total=3 resolved=3 unresolved=0 errors=0
level=info msg=pass.timing pass=calls elapsed_ms=0
level=info msg=pass.start pass=usages files=4
level=info msg=pass.done pass=usages usage=1 throws=0 rw=0 errors=0
level=info msg=pass.timing pass=usages elapsed_ms=0
level=info msg=pass.start pass=semantic files=4
level=info msg=pass.done pass=semantic inherits=0 decorates=0 implements=0 overrides=0 errors=0
level=info msg=pass.timing pass=semantic elapsed_ms=0
level=info msg=pass.start pass=tests
level=info msg=pass.done pass=tests tests=0 tests_file=0
level=info msg=pass.timing pass=tests elapsed_ms=0
level=info msg=pass.timing pass=githistory_compute elapsed_ms=164
level=info msg=pass.done pass=githistory commits=0 edges=0
level=info msg=pass.timing pass=decorator_tags elapsed_ms=0
level=info msg=configlinker.skip reason=no_config_files
level=info msg=pass.timing pass=configlink elapsed_ms=0
level=info msg=pass.timing pass=route_match elapsed_ms=0
level=info msg=pass.start pass=similarity
level=info msg=pass.similarity.collected nodes_with_fp=0
level=info msg=pass.done pass=similarity edges=0
level=info msg=pass.timing pass=similarity elapsed_ms=0
level=info msg=pass.start pass=semantic_edges
level=info msg=pass.semantic.collected functions=5
level=info msg=pass.semantic.token_vectors count=29
level=info msg=pass.semantic.vectors_stored count=5
level=info msg=pass.semantic.lsh_built functions=5 bands=16
level=info msg=pass.done pass=semantic_edges edges=0
level=info msg=pass.timing pass=semantic_edges elapsed_ms=1215
level=info msg=pass.complexity functions=5
level=info msg=pass.timing pass=complexity elapsed_ms=0
level=info msg=gbuf.dump nodes=18 edges=22
level=info msg=pass.timing pass=dump elapsed_ms=10
level=info msg=pass.timing pass=persist_hashes files=4
level=info msg=pipeline.done nodes=0 edges=22 elapsed_ms=1445
PASS
  pipeline_web_http_receivers_sequential                 level=info msg=pipeline.discover files=1 elapsed_ms=1
level=info msg=pipeline.route path=full
level=info msg=pass.start pass=structure files=1
level=info msg=pass.done pass=structure nodes=4 edges=3
level=info msg=pass.timing pass=structure elapsed_ms=0
level=info msg=pipeline.mode mode=sequential files=1
level=info msg=pkgmap.scan_repo manifests=0
level=info msg=pkgmap.scan manifests_from_files=0 manifests_from_walk=0 entries=0
level=info msg=pass.start pass=definitions files=1
level=info msg=pass.done pass=definitions defs=4 calls=12 imports=0 errors=0
level=info msg=pass.timing pass=definitions elapsed_ms=8
level=info msg=pass.start pass=k8s files=1
level=info msg=pass.done pass=k8s kustomize=0 manifests=0
level=info msg=pass.timing pass=k8s elapsed_ms=0
level=info msg=pass.start pass=lsp_cross files=1
level=info msg=pass.done pass=lsp_cross files_processed=1 files_skipped_no_lsp=0 files_skipped_no_source=0 defs_total=2 lsp_calls=1
level=info msg=pass.timing pass=lsp_cross elapsed_ms=5
level=info msg=pass.start pass=calls files=1
level=info msg=pass.done pass=calls total=12 resolved=11 unresolved=1 errors=0
level=info msg=pass.timing pass=calls elapsed_ms=1
level=info msg=pass.start pass=usages files=1
level=info msg=pass.done pass=usages usage=0 throws=0 rw=0 errors=0
level=info msg=pass.timing pass=usages elapsed_ms=0
level=info msg=pass.start pass=semantic files=1
level=info msg=pass.done pass=semantic inherits=0 decorates=0 implements=0 overrides=0 errors=0
level=info msg=pass.timing pass=semantic elapsed_ms=0
level=info msg=pass.start pass=tests
level=info msg=pass.done pass=tests tests=0 tests_file=0
level=info msg=pass.timing pass=tests elapsed_ms=0
level=info msg=pass.timing pass=githistory_compute elapsed_ms=36
level=info msg=pass.done pass=githistory commits=0 edges=0
level=info msg=pass.timing pass=decorator_tags elapsed_ms=0
level=info msg=configlinker.skip reason=no_config_files
level=info msg=pass.timing pass=configlink elapsed_ms=0
level=info msg=pass.route_nodes created=8
level=info msg=pass.timing pass=route_match elapsed_ms=0
level=info msg=pass.start pass=similarity
level=info msg=pass.similarity.collected nodes_with_fp=1
level=info msg=pass.done pass=similarity edges=0
level=info msg=pass.timing pass=similarity elapsed_ms=0
level=info msg=pass.start pass=semantic_edges
level=info msg=pass.semantic.collected functions=2
level=info msg=pass.semantic.token_vectors count=35
level=info msg=pass.semantic.vectors_stored count=2
level=info msg=pass.semantic.lsh_built functions=2 bands=16
level=info msg=pass.done pass=semantic_edges edges=0
level=info msg=pass.timing pass=semantic_edges elapsed_ms=1190
level=info msg=pass.complexity functions=2
level=info msg=pass.timing pass=complexity elapsed_ms=0
level=info msg=gbuf.dump nodes=19 edges=18
level=info msg=pass.timing pass=dump elapsed_ms=15
level=info msg=pass.timing pass=persist_hashes files=1
level=info msg=pipeline.done nodes=0 edges=18 elapsed_ms=1297
PASS
  pipeline_web_http_receivers_parallel                   level=info msg=pipeline.discover files=53 elapsed_ms=6
level=info msg=pipeline.route path=full
level=info msg=pass.start pass=structure files=53
level=info msg=pass.done pass=structure nodes=56 edges=55
level=info msg=pass.timing pass=structure elapsed_ms=2
level=info msg=pipeline.mode mode=parallel workers=4 files=53
level=info msg=parallel.extract.start files=53 workers=4
level=info msg=parallel.extract.retention retain_sources=true total_mb=1024 per_file_mb=32
level=info msg=parallel.extract.file.start pos=0 size_kb=0 path=src/web.js
level=info msg=parallel.extract.file.start pos=2 size_kb=0 path=src/filler10.js
level=info msg=parallel.extract.file.start pos=1 size_kb=0 path=src/filler51.js
level=info msg=parallel.extract.file.start pos=3 size_kb=0 path=src/filler11.js
level=info msg=parallel.extract.file.done pos=2 elapsed_ms=1 defs=2 path=src/filler10.js
level=info msg=parallel.extract.file.done pos=1 elapsed_ms=1 defs=2 path=src/filler51.js
level=info msg=parallel.extract.file.done pos=3 elapsed_ms=1 defs=2 path=src/filler11.js
level=info msg=parallel.extract.file.start pos=4 size_kb=0 path=src/filler12.js
level=info msg=parallel.extract.file.start pos=5 size_kb=0 path=src/filler13.js
level=info msg=parallel.extract.file.start pos=6 size_kb=0 path=src/filler14.js
level=info msg=parallel.extract.file.done pos=4 elapsed_ms=1 defs=2 path=src/filler12.js
level=info msg=parallel.extract.file.done pos=5 elapsed_ms=1 defs=2 path=src/filler13.js
level=info msg=parallel.extract.file.done pos=6 elapsed_ms=1 defs=2 path=src/filler14.js
level=info msg=parallel.extract.file.start pos=7 size_kb=0 path=src/filler15.js
level=info msg=parallel.extract.file.start pos=9 size_kb=0 path=src/filler17.js
level=info msg=parallel.extract.file.start pos=8 size_kb=0 path=src/filler16.js
level=info msg=parallel.extract.file.done pos=7 elapsed_ms=1 defs=2 path=src/filler15.js
level=info msg=parallel.extract.file.done pos=9 elapsed_ms=0 defs=2 path=src/filler17.js
level=info msg=parallel.extract.file.done pos=8 elapsed_ms=1 defs=2 path=src/filler16.js
level=info msg=parallel.extract.file.start pos=10 size_kb=0 path=src/filler18.js
level=info msg=parallel.extract.progress done=10 total=53
level=info msg=parallel.extract.file.start pos=11 size_kb=0 path=src/filler19.js
level=info msg=parallel.extract.file.start pos=12 size_kb=0 path=src/filler50.js
level=info msg=parallel.extract.file.done pos=11 elapsed_ms=1 defs=2 path=src/filler19.js
level=info msg=parallel.extract.file.done pos=10 elapsed_ms=1 defs=2 path=src/filler18.js
level=info msg=parallel.extract.file.done pos=12 elapsed_ms=1 defs=2 path=src/filler50.js
level=info msg=parallel.extract.file.done pos=0 elapsed_ms=9 defs=4 path=src/web.js
level=info msg=parallel.extract.file.start pos=13 size_kb=0 path=src/filler20.js
level=info msg=parallel.extract.file.start pos=14 size_kb=0 path=src/filler21.js
level=info msg=parallel.extract.file.start pos=15 size_kb=0 path=src/filler22.js
level=info msg=parallel.extract.file.start pos=16 size_kb=0 path=src/filler23.js
level=info msg=parallel.extract.file.done pos=13 elapsed_ms=1 defs=2 path=src/filler20.js
level=info msg=parallel.extract.file.done pos=14 elapsed_ms=1 defs=2 path=src/filler21.js
level=info msg=parallel.extract.file.done pos=15 elapsed_ms=1 defs=2 path=src/filler22.js
level=info msg=parallel.extract.file.start pos=17 size_kb=0 path=src/filler24.js
level=info msg=parallel.extract.file.done pos=16 elapsed_ms=1 defs=2 path=src/filler23.js
level=info msg=parallel.extract.file.start pos=18 size_kb=0 path=src/filler25.js
level=info msg=parallel.extract.file.start pos=20 size_kb=0 path=src/filler27.js
level=info msg=parallel.extract.file.start pos=19 size_kb=0 path=src/filler26.js
level=info msg=parallel.extract.file.done pos=17 elapsed_ms=0 defs=2 path=src/filler24.js
level=info msg=parallel.extract.file.done pos=18 elapsed_ms=1 defs=2 path=src/filler25.js
level=info msg=parallel.extract.file.start pos=21 size_kb=0 path=src/filler28.js
level=info msg=parallel.extract.file.done pos=20 elapsed_ms=1 defs=2 path=src/filler27.js
level=info msg=parallel.extract.file.done pos=19 elapsed_ms=1 defs=2 path=src/filler26.js
level=info msg=parallel.extract.file.start pos=22 size_kb=0 path=src/filler29.js
level=info msg=parallel.extract.file.start pos=23 size_kb=0 path=src/filler49.js
level=info msg=parallel.extract.progress done=20 total=53
level=info msg=parallel.extract.file.done pos=21 elapsed_ms=1 defs=2 path=src/filler28.js
level=info msg=parallel.extract.file.done pos=22 elapsed_ms=1 defs=2 path=src/filler29.js
level=info msg=parallel.extract.file.done pos=23 elapsed_ms=1 defs=2 path=src/filler49.js
level=info msg=parallel.extract.progress done=30 total=53
level=info msg=parallel.extract.progress done=40 total=53
level=info msg=parallel.extract.progress done=50 total=53
level=info msg=parallel.extract.progress done=53 total=53
level=info msg=pkgmap.scan_repo manifests=0
level=info msg=parallel.extract.done nodes=108 errors=0
level=info msg=pass.timing pass=parallel_extract elapsed_ms=36
level=info msg=mem.collect phase=post_extract rss_mb=313
level=info msg=parallel.registry.start files=53
level=info msg=parallel.registry.done entries=55 defines=108 imports=0
level=info msg=pass.timing pass=registry_build elapsed_ms=3
level=info msg=mem.phase phase=registry_build rss_mb=313 peak_mb=314
level=info msg=pass.timing pass=lsp_cross_prepare elapsed_ms=4
level=info msg=mem.phase phase=lsp_cross_prepare rss_mb=316 peak_mb=316
level=info msg=parallel.resolve.start files=53 workers=4
level=info msg=parallel.resolve.lsp_cross_done files_processed=1 files_skipped_no_source=0 defs_total=54
level=info msg=parallel.resolve.done calls=0 usages=0 semantic=0 lsp_overrides=0
level=info msg=parallel.resolve.phase_summary total_loop_cpu_ms=5 files_visited=53
level=info msg=parallel.resolve.phase_ms_a import_map=0 cross_lsp=2 resolve_calls=0
level=info msg=parallel.resolve.phase_ms_b resolve_usages=0 resolve_throws=0 resolve_rw=0 resolve_semantic=0
level=info msg=parallel.resolve.calls_breakdown find_source=0 lsp_lookup=0 resolve=0
level=info msg=parallel.resolve.calls_breakdown2 field_hint=0 find_target=0 emit_edge=0
level=info msg=pass.timing pass=parallel_resolve elapsed_ms=7
level=info msg=mem.phase phase=parallel_resolve rss_mb=317 peak_mb=317
level=info msg=pass.start pass=k8s files=53
level=info msg=pass.done pass=k8s kustomize=0 manifests=0
level=info msg=pass.timing pass=k8s elapsed_ms=0
level=info msg=pass.start pass=tests
level=info msg=pass.done pass=tests tests=0 tests_file=0
level=info msg=pass.timing pass=tests elapsed_ms=0
level=info msg=pass.timing pass=githistory_compute elapsed_ms=40
level=info msg=pass.done pass=githistory commits=0 edges=0
level=info msg=pass.timing pass=decorator_tags elapsed_ms=0
level=info msg=configlinker.skip reason=no_config_files
level=info msg=pass.timing pass=configlink elapsed_ms=0
level=info msg=pass.route_nodes created=8
level=info msg=pass.timing pass=route_match elapsed_ms=0
level=info msg=pass.start pass=similarity
level=info msg=pass.similarity.collected nodes_with_fp=1
level=info msg=pass.done pass=similarity edges=0
level=info msg=pass.timing pass=similarity elapsed_ms=0
level=info msg=pass.start pass=semantic_edges
level=info msg=pass.semantic.collected functions=54
level=info msg=pass.semantic.token_vectors count=87
level=info msg=pass.semantic.vectors_stored count=54
level=info msg=pass.semantic.lsh_built functions=54 bands=16
level=info msg=pass.done pass=semantic_edges edges=0
level=info msg=pass.timing pass=semantic_edges elapsed_ms=1169
level=info msg=pass.complexity functions=54
level=info msg=pass.timing pass=complexity elapsed_ms=0
level=info msg=gbuf.dump nodes=175 edges=174
level=info msg=pass.timing pass=dump elapsed_ms=48
level=info msg=pass.timing pass=persist_hashes files=53
level=info msg=pipeline.done nodes=0 edges=174 elapsed_ms=1367
PASS
  pipeline_web_java_gateway_prefix_cross_match           level=info msg=pipeline.discover files=1 elapsed_ms=2
level=info msg=pipeline.route path=full
level=info msg=pass.start pass=structure files=1
level=info msg=pass.done pass=structure nodes=4 edges=3
level=info msg=pass.timing pass=structure elapsed_ms=0
level=info msg=pipeline.mode mode=sequential files=1
level=info msg=pkgmap.scan_repo manifests=0
level=info msg=pkgmap.scan manifests_from_files=0 manifests_from_walk=0 entries=0
level=info msg=pass.start pass=definitions files=1
level=info msg=pass.done pass=definitions defs=2 calls=1 imports=1 errors=0
level=info msg=pass.timing pass=definitions elapsed_ms=2
level=info msg=pass.start pass=k8s files=1
level=info msg=pass.done pass=k8s kustomize=0 manifests=0
level=info msg=pass.timing pass=k8s elapsed_ms=0
level=info msg=pass.start pass=lsp_cross files=1
level=info msg=pass.done pass=lsp_cross files_processed=1 files_skipped_no_lsp=0 files_skipped_no_source=0 defs_total=1 lsp_calls=1
level=info msg=pass.timing pass=lsp_cross elapsed_ms=4
level=info msg=pass.start pass=calls files=1
level=info msg=pass.done pass=calls total=1 resolved=1 unresolved=0 errors=0
level=info msg=pass.timing pass=calls elapsed_ms=0
level=info msg=pass.start pass=usages files=1
level=info msg=pass.done pass=usages usage=0 throws=0 rw=0 errors=0
level=info msg=pass.timing pass=usages elapsed_ms=0
level=info msg=pass.start pass=semantic files=1
level=info msg=pass.done pass=semantic inherits=0 decorates=0 implements=0 overrides=0 errors=0
level=info msg=pass.timing pass=semantic elapsed_ms=0
level=info msg=pass.start pass=tests
level=info msg=pass.done pass=tests tests=0 tests_file=0
level=info msg=pass.timing pass=tests elapsed_ms=0
level=info msg=pass.timing pass=githistory_compute elapsed_ms=36
level=info msg=pass.done pass=githistory commits=0 edges=0
level=info msg=pass.timing pass=decorator_tags elapsed_ms=0
level=info msg=configlinker.skip reason=no_config_files
level=info msg=pass.timing pass=configlink elapsed_ms=0
level=info msg=pass.route_nodes created=1
level=info msg=pass.timing pass=route_match elapsed_ms=0
level=info msg=pass.start pass=similarity
level=info msg=pass.similarity.collected nodes_with_fp=0
level=info msg=pass.done pass=similarity edges=0
level=info msg=pass.timing pass=similarity elapsed_ms=0
level=info msg=pass.start pass=semantic_edges
level=info msg=pass.semantic.collected functions=1
level=info msg=pass.done pass=semantic_edges edges=0
level=info msg=pass.timing pass=semantic_edges elapsed_ms=7
level=info msg=pass.complexity functions=1
level=info msg=pass.timing pass=complexity elapsed_ms=0
level=info msg=gbuf.dump nodes=8 edges=7
level=info msg=pass.timing pass=dump elapsed_ms=10
level=info msg=pass.timing pass=persist_hashes files=1
level=info msg=pipeline.done nodes=0 edges=7 elapsed_ms=106
level=info msg=pipeline.discover files=1 elapsed_ms=2
level=info msg=pipeline.route path=full
level=info msg=pass.start pass=structure files=1
level=info msg=pass.done pass=structure nodes=4 edges=3
level=info msg=pass.timing pass=structure elapsed_ms=0
level=info msg=pipeline.mode mode=sequential files=1
level=info msg=pkgmap.scan_repo manifests=0
level=info msg=pkgmap.scan manifests_from_files=0 manifests_from_walk=0 entries=0
level=info msg=pass.start pass=definitions files=1
level=info msg=pass.done pass=definitions defs=3 calls=0 imports=0 errors=0
level=info msg=pass.timing pass=definitions elapsed_ms=3
level=info msg=pass.start pass=k8s files=1
level=info msg=pass.done pass=k8s kustomize=0 manifests=0
level=info msg=pass.timing pass=k8s elapsed_ms=0
level=info msg=pass.start pass=lsp_cross files=1
level=info msg=pass.done pass=lsp_cross files_processed=1 files_skipped_no_lsp=0 files_skipped_no_source=0 defs_total=2 lsp_calls=1
level=info msg=pass.timing pass=lsp_cross elapsed_ms=4
level=info msg=pass.start pass=calls files=1
level=info msg=pass.done pass=calls total=0 resolved=0 unresolved=0 errors=0
level=info msg=pass.timing pass=calls elapsed_ms=0
level=info msg=pass.start pass=usages files=1
level=info msg=pass.done pass=usages usage=0 throws=0 rw=0 errors=0
level=info msg=pass.timing pass=usages elapsed_ms=0
level=info msg=pass.start pass=semantic files=1
level=info msg=pass.done pass=semantic inherits=0 decorates=3 implements=0 overrides=0 errors=0
level=info msg=pass.timing pass=semantic elapsed_ms=0
level=info msg=pass.start pass=tests
level=info msg=pass.done pass=tests tests=0 tests_file=0
level=info msg=pass.timing pass=tests elapsed_ms=0
level=info msg=pass.timing pass=githistory_compute elapsed_ms=40
level=info msg=pass.done pass=githistory commits=0 edges=0
level=info msg=pass.decorator_tags candidates=yes tagged=yes
level=info msg=pass.timing pass=decorator_tags elapsed_ms=0
level=info msg=configlinker.skip reason=no_config_files
level=info msg=pass.timing pass=configlink elapsed_ms=0
level=info msg=pass.ensure_decorator_routes created=1
level=info msg=pass.timing pass=route_match elapsed_ms=0
level=info msg=pass.start pass=similarity
level=info msg=pass.similarity.collected nodes_with_fp=0
level=info msg=pass.done pass=similarity edges=0
level=info msg=pass.timing pass=similarity elapsed_ms=0
level=info msg=pass.start pass=semantic_edges
level=info msg=pass.semantic.collected functions=1
level=info msg=pass.done pass=semantic_edges edges=0
level=info msg=pass.timing pass=semantic_edges elapsed_ms=7
level=info msg=pass.complexity functions=1
level=info msg=pass.timing pass=complexity elapsed_ms=0
level=info msg=gbuf.dump nodes=10 edges=14
level=info msg=pass.timing pass=dump elapsed_ms=11
level=info msg=pass.timing pass=persist_hashes files=1
level=info msg=pipeline.done nodes=0 edges=14 elapsed_ms=112
level=info msg=cross_repo.done project=C-msys64-tmp-cbm_cross_alias_a47140-web total=1
PASS
  pipeline_cross_repo_package_exports_condition          level=info msg=pipeline.discover files=1 elapsed_ms=2
level=info msg=pipeline.route path=full
level=info msg=pass.start pass=structure files=1
level=info msg=pass.done pass=structure nodes=4 edges=3
level=info msg=pass.timing pass=structure elapsed_ms=0
level=info msg=pipeline.mode mode=sequential files=1
level=info msg=pkgmap.scan_repo manifests=1
level=info msg=pkgmap.scan manifests_from_files=1 manifests_from_walk=1 entries=1
level=info msg=pkgmap.build entries=1
level=info msg=pass.start pass=definitions files=1
level=info msg=pass.done pass=definitions defs=2 calls=1 imports=1 errors=0
level=info msg=pass.timing pass=definitions elapsed_ms=2
level=info msg=pass.start pass=k8s files=1
level=info msg=pass.done pass=k8s kustomize=0 manifests=0
level=info msg=pass.timing pass=k8s elapsed_ms=0
level=info msg=pass.start pass=lsp_cross files=1
level=info msg=pass.done pass=lsp_cross files_processed=1 files_skipped_no_lsp=0 files_skipped_no_source=0 defs_total=1 lsp_calls=1
level=info msg=pass.timing pass=lsp_cross elapsed_ms=3
level=info msg=pass.start pass=calls files=1
level=info msg=pass.done pass=calls total=1 resolved=0 unresolved=1 errors=0
level=info msg=pass.timing pass=calls elapsed_ms=0
level=info msg=pass.start pass=usages files=1
level=info msg=pass.done pass=usages usage=0 throws=0 rw=0 errors=0
level=info msg=pass.timing pass=usages elapsed_ms=0
level=info msg=pass.start pass=semantic files=1
level=info msg=pass.done pass=semantic inherits=0 decorates=0 implements=0 overrides=0 errors=0
level=info msg=pass.timing pass=semantic elapsed_ms=0
level=info msg=pass.start pass=tests
level=info msg=pass.done pass=tests tests=0 tests_file=0
level=info msg=pass.timing pass=tests elapsed_ms=0
level=info msg=pass.timing pass=githistory_compute elapsed_ms=35
level=info msg=pass.done pass=githistory commits=0 edges=0
level=info msg=pass.timing pass=decorator_tags elapsed_ms=0
level=info msg=configlinker.skip reason=no_config_files
level=info msg=pass.timing pass=configlink elapsed_ms=0
level=info msg=pass.timing pass=route_match elapsed_ms=0
level=info msg=pass.start pass=similarity
level=info msg=pass.similarity.collected nodes_with_fp=0
level=info msg=pass.done pass=similarity edges=0
level=info msg=pass.timing pass=similarity elapsed_ms=0
level=info msg=pass.start pass=semantic_edges
level=info msg=pass.semantic.collected functions=1
level=info msg=pass.done pass=semantic_edges edges=0
level=info msg=pass.timing pass=semantic_edges elapsed_ms=7
level=info msg=pass.complexity functions=1
level=info msg=pass.timing pass=complexity elapsed_ms=0
level=info msg=gbuf.dump nodes=7 edges=6
level=info msg=pass.timing pass=dump elapsed_ms=8
level=info msg=pass.timing pass=persist_hashes files=1
level=info msg=pipeline.done nodes=0 edges=6 elapsed_ms=97
level=info msg=pipeline.discover files=2 elapsed_ms=1
level=info msg=pipeline.route path=full
level=info msg=pass.start pass=structure files=2
level=info msg=pass.done pass=structure nodes=5 edges=4
level=info msg=pass.timing pass=structure elapsed_ms=0
level=info msg=pipeline.mode mode=sequential files=2
level=info msg=pkgmap.scan_repo manifests=1
level=info msg=pkgmap.scan manifests_from_files=1 manifests_from_walk=1 entries=1
level=info msg=pkgmap.build entries=1
level=info msg=pass.start pass=definitions files=2
level=info msg=pass.done pass=definitions defs=4 calls=0 imports=0 errors=0
level=info msg=pass.timing pass=definitions elapsed_ms=2
level=info msg=pass.start pass=k8s files=2
level=info msg=pass.done pass=k8s kustomize=0 manifests=0
level=info msg=pass.timing pass=k8s elapsed_ms=0
level=info msg=pass.start pass=lsp_cross files=2
level=info msg=pass.done pass=lsp_cross files_processed=2 files_skipped_no_lsp=0 files_skipped_no_source=0 defs_total=2 lsp_calls=2
level=info msg=pass.timing pass=lsp_cross elapsed_ms=4
level=info msg=pass.start pass=calls files=2
level=info msg=pass.done pass=calls total=0 resolved=0 unresolved=0 errors=0
level=info msg=pass.timing pass=calls elapsed_ms=0
level=info msg=pass.start pass=usages files=2
level=info msg=pass.done pass=usages usage=0 throws=0 rw=0 errors=0
level=info msg=pass.timing pass=usages elapsed_ms=0
level=info msg=pass.start pass=semantic files=2
level=info msg=pass.done pass=semantic inherits=0 decorates=0 implements=0 overrides=0 errors=0
level=info msg=pass.timing pass=semantic elapsed_ms=0
level=info msg=pass.start pass=tests
level=info msg=pass.done pass=tests tests=0 tests_file=0
level=info msg=pass.timing pass=tests elapsed_ms=0
level=info msg=pass.timing pass=githistory_compute elapsed_ms=39
level=info msg=pass.done pass=githistory commits=0 edges=0
level=info msg=pass.timing pass=decorator_tags elapsed_ms=0
level=info msg=configlinker.skip reason=no_config_files
level=info msg=pass.timing pass=configlink elapsed_ms=0
level=info msg=pass.timing pass=route_match elapsed_ms=0
level=info msg=pass.start pass=similarity
level=info msg=pass.similarity.collected nodes_with_fp=0
level=info msg=pass.done pass=similarity edges=0
level=info msg=pass.timing pass=similarity elapsed_ms=0
level=info msg=pass.start pass=semantic_edges
level=info msg=pass.semantic.collected functions=2
level=info msg=pass.semantic.token_vectors count=17
level=info msg=pass.semantic.vectors_stored count=2
level=info msg=pass.semantic.lsh_built functions=2 bands=16
level=info msg=pass.done pass=semantic_edges edges=0
level=info msg=pass.timing pass=semantic_edges elapsed_ms=1212
level=info msg=pass.complexity functions=2
level=info msg=pass.timing pass=complexity elapsed_ms=0
level=info msg=gbuf.dump nodes=9 edges=8
level=info msg=pass.timing pass=dump elapsed_ms=14
level=info msg=pass.timing pass=persist_hashes files=2
level=info msg=pipeline.done nodes=0 edges=8 elapsed_ms=1318
level=info msg=cross_repo.done project=C-msys64-tmp-cbm_cross_pkg_exports_a47140-consumer total=2
PASS
  pipeline_tsjs_receiver_parallel_keeps_service_edges    level=info msg=pipeline.discover files=59 elapsed_ms=6
level=info msg=pipeline.route path=full
level=info msg=pass.start pass=structure files=59
level=info msg=pass.done pass=structure nodes=62 edges=61
level=info msg=pass.timing pass=structure elapsed_ms=2
level=info msg=pipeline.mode mode=parallel workers=4 files=59
level=info msg=parallel.extract.start files=59 workers=4
level=info msg=parallel.extract.retention retain_sources=true total_mb=1024 per_file_mb=32
level=info msg=parallel.extract.file.start pos=0 size_kb=0 path=src/thing.ts
level=info msg=parallel.extract.file.start pos=1 size_kb=0 path=src/re.ts
level=info msg=parallel.extract.file.start pos=2 size_kb=0 path=src/routes.ts
level=info msg=parallel.extract.file.start pos=3 size_kb=0 path=src/load.ts
level=info msg=parallel.extract.file.done pos=1 elapsed_ms=2 defs=3 path=src/re.ts
level=info msg=parallel.extract.file.done pos=3 elapsed_ms=1 defs=2 path=src/load.ts
level=info msg=parallel.extract.file.done pos=2 elapsed_ms=2 defs=3 path=src/routes.ts
level=info msg=parallel.extract.file.done pos=0 elapsed_ms=2 defs=7 path=src/thing.ts
level=info msg=parallel.extract.file.start pos=4 size_kb=0 path=src/supertest.ts
level=info msg=parallel.extract.file.start pos=5 size_kb=0 path=src/http2.ts
level=info msg=parallel.extract.file.start pos=6 size_kb=0 path=src/http.ts
level=info msg=parallel.extract.file.start pos=7 size_kb=0 path=src/filler15.ts
level=info msg=parallel.extract.file.done pos=4 elapsed_ms=1 defs=2 path=src/supertest.ts
level=info msg=parallel.extract.file.done pos=6 elapsed_ms=1 defs=2 path=src/http.ts
level=info msg=parallel.extract.file.start pos=8 size_kb=0 path=src/filler16.ts
level=info msg=parallel.extract.file.done pos=7 elapsed_ms=1 defs=2 path=src/filler15.ts
level=info msg=parallel.extract.file.done pos=5 elapsed_ms=1 defs=2 path=src/http2.ts
level=info msg=parallel.extract.file.start pos=9 size_kb=0 path=src/filler17.ts
level=info msg=parallel.extract.file.start pos=10 size_kb=0 path=src/filler18.ts
level=info msg=parallel.extract.file.start pos=11 size_kb=0 path=src/filler19.ts
level=info msg=parallel.extract.file.done pos=8 elapsed_ms=1 defs=2 path=src/filler16.ts
level=info msg=parallel.extract.file.done pos=9 elapsed_ms=0 defs=2 path=src/filler17.ts
level=info msg=parallel.extract.file.start pos=12 size_kb=0 path=src/filler14.ts
level=info msg=parallel.extract.progress done=10 total=59
level=info msg=parallel.extract.file.done pos=10 elapsed_ms=1 defs=2 path=src/filler18.ts
level=info msg=parallel.extract.file.done pos=11 elapsed_ms=1 defs=2 path=src/filler19.ts
level=info msg=parallel.extract.file.start pos=13 size_kb=0 path=src/filler20.ts
level=info msg=parallel.extract.file.start pos=14 size_kb=0 path=src/filler21.ts
level=info msg=parallel.extract.file.done pos=12 elapsed_ms=1 defs=2 path=src/filler14.ts
level=info msg=parallel.extract.file.start pos=15 size_kb=0 path=src/filler22.ts
level=info msg=parallel.extract.file.start pos=16 size_kb=0 path=src/filler23.ts
level=info msg=parallel.extract.file.done pos=13 elapsed_ms=1 defs=2 path=src/filler20.ts
level=info msg=parallel.extract.file.done pos=14 elapsed_ms=1 defs=2 path=src/filler21.ts
level=info msg=parallel.extract.file.start pos=17 size_kb=0 path=src/filler24.ts
level=info msg=parallel.extract.file.done pos=15 elapsed_ms=1 defs=2 path=src/filler22.ts
level=info msg=parallel.extract.file.start pos=18 size_kb=0 path=src/filler25.ts
level=info msg=parallel.extract.file.start pos=19 size_kb=0 path=src/filler26.ts
level=info msg=parallel.extract.file.done pos=16 elapsed_ms=1 defs=2 path=src/filler23.ts
level=info msg=parallel.extract.file.done pos=17 elapsed_ms=0 defs=2 path=src/filler24.ts
level=info msg=parallel.extract.file.start pos=20 size_kb=0 path=src/filler27.ts
level=info msg=parallel.extract.file.start pos=21 size_kb=0 path=src/filler28.ts
level=info msg=parallel.extract.file.done pos=18 elapsed_ms=1 defs=2 path=src/filler25.ts
level=info msg=parallel.extract.file.done pos=19 elapsed_ms=1 defs=2 path=src/filler26.ts
level=info msg=parallel.extract.file.done pos=20 elapsed_ms=0 defs=2 path=src/filler27.ts
level=info msg=parallel.extract.file.start pos=22 size_kb=0 path=src/filler29.ts
level=info msg=parallel.extract.progress done=20 total=59
level=info msg=parallel.extract.file.start pos=23 size_kb=0 path=src/filler13.ts
level=info msg=parallel.extract.file.done pos=21 elapsed_ms=1 defs=2 path=src/filler28.ts
level=info msg=parallel.extract.file.done pos=22 elapsed_ms=1 defs=2 path=src/filler29.ts
level=info msg=parallel.extract.file.done pos=23 elapsed_ms=1 defs=2 path=src/filler13.ts
level=info msg=parallel.extract.progress done=30 total=59
level=info msg=parallel.extract.progress done=40 total=59
level=info msg=parallel.extract.progress done=50 total=59
level=info msg=parallel.extract.progress done=59 total=59
level=info msg=pkgmap.scan_repo manifests=0
level=info msg=parallel.extract.done nodes=125 errors=0
level=info msg=pass.timing pass=parallel_extract elapsed_ms=36
level=info msg=mem.collect phase=post_extract rss_mb=290
level=info msg=parallel.registry.start files=59
level=info msg=parallel.registry.done entries=66 defines=125 imports=0
level=info msg=pass.timing pass=registry_build elapsed_ms=3
level=info msg=mem.phase phase=registry_build rss_mb=290 peak_mb=317
level=info msg=pass.timing pass=lsp_cross_prepare elapsed_ms=2
level=info msg=mem.phase phase=lsp_cross_prepare rss_mb=293 peak_mb=317
level=info msg=parallel.resolve.start files=59 workers=4
level=info msg=parallel.resolve.lsp_cross_done files_processed=0 files_skipped_no_source=0 defs_total=65
level=info msg=parallel.resolve.done calls=5 usages=0 semantic=0 lsp_overrides=0
level=info msg=parallel.resolve.phase_summary total_loop_cpu_ms=2 files_visited=59
level=info msg=parallel.resolve.phase_ms_a import_map=0 cross_lsp=0 resolve_calls=0
level=info msg=parallel.resolve.phase_ms_b resolve_usages=0 resolve_throws=0 resolve_rw=0 resolve_semantic=0
level=info msg=parallel.resolve.calls_breakdown find_source=0 lsp_lookup=0 resolve=0
level=info msg=parallel.resolve.calls_breakdown2 field_hint=0 find_target=0 emit_edge=0
level=info msg=pass.timing pass=parallel_resolve elapsed_ms=4
level=info msg=mem.phase phase=parallel_resolve rss_mb=294 peak_mb=317
level=info msg=pass.start pass=k8s files=59
level=info msg=pass.done pass=k8s kustomize=0 manifests=0
level=info msg=pass.timing pass=k8s elapsed_ms=0
level=info msg=pass.start pass=tests
level=info msg=pass.done pass=tests tests=0 tests_file=0
level=info msg=pass.timing pass=tests elapsed_ms=0
level=info msg=pass.timing pass=githistory_compute elapsed_ms=52
level=info msg=pass.done pass=githistory commits=0 edges=0
level=info msg=pass.timing pass=decorator_tags elapsed_ms=0
level=info msg=configlinker.skip reason=no_config_files
level=info msg=pass.timing pass=configlink elapsed_ms=0
level=info msg=pass.route_nodes created=2
level=info msg=pass.timing pass=route_match elapsed_ms=0
level=info msg=pass.start pass=similarity
level=info msg=pass.similarity.collected nodes_with_fp=0
level=info msg=pass.done pass=similarity edges=0
level=info msg=pass.timing pass=similarity elapsed_ms=0
level=info msg=pass.start pass=semantic_edges
level=info msg=pass.semantic.collected functions=63
level=info msg=pass.semantic.token_vectors count=98
level=info msg=pass.semantic.vectors_stored count=63
level=info msg=pass.semantic.lsh_built functions=63 bands=16
level=info msg=pass.done pass=semantic_edges edges=0
level=info msg=pass.timing pass=semantic_edges elapsed_ms=1197
level=info msg=pass.complexity functions=63
level=info msg=pass.timing pass=complexity elapsed_ms=0
level=info msg=gbuf.dump nodes=192 edges=196
level=info msg=pass.timing pass=dump elapsed_ms=46
level=info msg=pass.timing pass=persist_hashes files=59
level=info msg=pipeline.done nodes=0 edges=196 elapsed_ms=1399
PASS
  pipeline_native_fetch_classified_as_http_calls         level=info msg=pipeline.discover files=2 elapsed_ms=1
level=info msg=pipeline.route path=full
level=info msg=pass.start pass=structure files=2
level=info msg=pass.done pass=structure nodes=5 edges=4
level=info msg=pass.timing pass=structure elapsed_ms=1
level=info msg=pipeline.mode mode=sequential files=2
level=info msg=pkgmap.scan_repo manifests=0
level=info msg=pkgmap.scan manifests_from_files=0 manifests_from_walk=0 entries=0
level=info msg=pass.start pass=definitions files=2
level=info msg=pass.done pass=definitions defs=4 calls=2 imports=0 errors=0
level=info msg=pass.timing pass=definitions elapsed_ms=3
level=info msg=pass.start pass=k8s files=2
level=info msg=pass.done pass=k8s kustomize=0 manifests=0
level=info msg=pass.timing pass=k8s elapsed_ms=0
level=info msg=pass.start pass=lsp_cross files=2
level=info msg=pass.done pass=lsp_cross files_processed=2 files_skipped_no_lsp=0 files_skipped_no_source=0 defs_total=2 lsp_calls=2
level=info msg=pass.timing pass=lsp_cross elapsed_ms=4
level=info msg=pass.start pass=calls files=2
level=info msg=pass.done pass=calls total=2 resolved=1 unresolved=1 errors=0
level=info msg=pass.timing pass=calls elapsed_ms=0
level=info msg=pass.start pass=usages files=2
level=info msg=pass.done pass=usages usage=0 throws=0 rw=0 errors=0
level=info msg=pass.timing pass=usages elapsed_ms=0
level=info msg=pass.start pass=semantic files=2
level=info msg=pass.done pass=semantic inherits=0 decorates=0 implements=0 overrides=0 errors=0
level=info msg=pass.timing pass=semantic elapsed_ms=0
level=info msg=pass.start pass=tests
level=info msg=pass.done pass=tests tests=0 tests_file=0
level=info msg=pass.timing pass=tests elapsed_ms=0
level=info msg=pass.timing pass=githistory_compute elapsed_ms=40
level=info msg=pass.done pass=githistory commits=0 edges=0
level=info msg=pass.timing pass=decorator_tags elapsed_ms=0
level=info msg=configlinker.skip reason=no_config_files
level=info msg=pass.timing pass=configlink elapsed_ms=0
level=info msg=pass.route_nodes created=1
level=info msg=pass.timing pass=route_match elapsed_ms=0
level=info msg=pass.start pass=similarity
level=info msg=pass.similarity.collected nodes_with_fp=0
level=info msg=pass.done pass=similarity edges=0
level=info msg=pass.timing pass=similarity elapsed_ms=0
level=info msg=pass.start pass=semantic_edges
level=info msg=pass.semantic.collected functions=2
level=info msg=pass.semantic.token_vectors count=18
level=info msg=pass.semantic.vectors_stored count=2
level=info msg=pass.semantic.lsh_built functions=2 bands=16
level=info msg=pass.done pass=semantic_edges edges=0
level=info msg=pass.timing pass=semantic_edges elapsed_ms=1206
level=info msg=pass.complexity functions=2
level=info msg=pass.timing pass=complexity elapsed_ms=0
level=info msg=gbuf.dump nodes=10 edges=9
level=info msg=pass.timing pass=dump elapsed_ms=9
level=info msg=pass.timing pass=persist_hashes files=2
level=info msg=pipeline.done nodes=0 edges=9 elapsed_ms=1309
PASS
  pipeline_native_fetch_parallel_classified_as_http_callslevel=info msg=pipeline.discover files=53 elapsed_ms=6
level=info msg=pipeline.route path=full
level=info msg=pass.start pass=structure files=53
level=info msg=pass.done pass=structure nodes=56 edges=55
level=info msg=pass.timing pass=structure elapsed_ms=2
level=info msg=pipeline.mode mode=parallel workers=4 files=53
level=info msg=parallel.extract.start files=53 workers=4
level=info msg=parallel.extract.retention retain_sources=true total_mb=1024 per_file_mb=32
level=info msg=parallel.extract.file.start pos=0 size_kb=0 path=src/api.ts
level=info msg=parallel.extract.file.start pos=3 size_kb=0 path=src/filler10.ts
level=info msg=parallel.extract.file.start pos=1 size_kb=0 path=src/filler51.ts
level=info msg=parallel.extract.file.start pos=2 size_kb=0 path=src/filler50.ts
level=info msg=parallel.extract.file.done pos=3 elapsed_ms=1 defs=2 path=src/filler10.ts
level=info msg=parallel.extract.file.done pos=0 elapsed_ms=1 defs=2 path=src/api.ts
level=info msg=parallel.extract.file.start pos=4 size_kb=0 path=src/filler11.ts
level=info msg=parallel.extract.file.done pos=1 elapsed_ms=1 defs=2 path=src/filler51.ts
level=info msg=parallel.extract.file.done pos=2 elapsed_ms=1 defs=2 path=src/filler50.ts
level=info msg=parallel.extract.file.start pos=5 size_kb=0 path=src/filler12.ts
level=info msg=parallel.extract.file.start pos=6 size_kb=0 path=src/filler13.ts
level=info msg=parallel.extract.file.start pos=7 size_kb=0 path=src/filler14.ts
level=info msg=parallel.extract.file.done pos=4 elapsed_ms=1 defs=2 path=src/filler11.ts
level=info msg=parallel.extract.file.start pos=8 size_kb=0 path=src/filler15.ts
level=info msg=parallel.extract.file.done pos=5 elapsed_ms=1 defs=2 path=src/filler12.ts
level=info msg=parallel.extract.file.done pos=6 elapsed_ms=1 defs=2 path=src/filler13.ts
level=info msg=parallel.extract.file.start pos=9 size_kb=0 path=src/filler16.ts
level=info msg=parallel.extract.file.start pos=10 size_kb=0 path=src/filler17.ts
level=info msg=parallel.extract.file.done pos=7 elapsed_ms=1 defs=2 path=src/filler14.ts
level=info msg=parallel.extract.file.done pos=8 elapsed_ms=1 defs=2 path=src/filler15.ts
level=info msg=parallel.extract.file.start pos=11 size_kb=0 path=src/filler18.ts
level=info msg=parallel.extract.file.start pos=12 size_kb=0 path=src/filler19.ts
level=info msg=parallel.extract.file.done pos=9 elapsed_ms=1 defs=2 path=src/filler16.ts
level=info msg=parallel.extract.file.done pos=10 elapsed_ms=1 defs=2 path=src/filler17.ts
level=info msg=parallel.extract.progress done=10 total=53
level=info msg=parallel.extract.file.done pos=11 elapsed_ms=1 defs=2 path=src/filler18.ts
level=info msg=parallel.extract.file.start pos=13 size_kb=0 path=src/filler49.ts
level=info msg=parallel.extract.file.start pos=14 size_kb=0 path=src/filler20.ts
level=info msg=parallel.extract.file.done pos=12 elapsed_ms=1 defs=2 path=src/filler19.ts
level=info msg=parallel.extract.file.start pos=15 size_kb=0 path=src/filler21.ts
level=info msg=parallel.extract.file.start pos=16 size_kb=0 path=src/filler22.ts
level=info msg=parallel.extract.file.done pos=13 elapsed_ms=1 defs=2 path=src/filler49.ts
level=info msg=parallel.extract.file.done pos=14 elapsed_ms=1 defs=2 path=src/filler20.ts
level=info msg=parallel.extract.file.start pos=17 size_kb=0 path=src/filler23.ts
level=info msg=parallel.extract.file.done pos=15 elapsed_ms=1 defs=2 path=src/filler21.ts
level=info msg=parallel.extract.file.start pos=18 size_kb=0 path=src/filler24.ts
level=info msg=parallel.extract.file.done pos=16 elapsed_ms=1 defs=2 path=src/filler22.ts
level=info msg=parallel.extract.file.start pos=19 size_kb=0 path=src/filler25.ts
level=info msg=parallel.extract.file.start pos=20 size_kb=0 path=src/filler26.ts
level=info msg=parallel.extract.file.done pos=17 elapsed_ms=1 defs=2 path=src/filler23.ts
level=info msg=parallel.extract.file.done pos=18 elapsed_ms=1 defs=2 path=src/filler24.ts
level=info msg=parallel.extract.file.start pos=21 size_kb=0 path=src/filler27.ts
level=info msg=parallel.extract.file.done pos=19 elapsed_ms=1 defs=2 path=src/filler25.ts
level=info msg=parallel.extract.file.start pos=22 size_kb=0 path=src/filler28.ts
level=info msg=parallel.extract.file.done pos=20 elapsed_ms=1 defs=2 path=src/filler26.ts
level=info msg=parallel.extract.progress done=20 total=53
level=info msg=parallel.extract.file.done pos=21 elapsed_ms=1 defs=2 path=src/filler27.ts
level=info msg=parallel.extract.file.start pos=23 size_kb=0 path=src/filler29.ts
level=info msg=parallel.extract.file.done pos=22 elapsed_ms=1 defs=2 path=src/filler28.ts
level=info msg=parallel.extract.file.done pos=23 elapsed_ms=1 defs=2 path=src/filler29.ts
level=info msg=parallel.extract.progress done=30 total=53
level=info msg=parallel.extract.progress done=40 total=53
level=info msg=parallel.extract.progress done=50 total=53
level=info msg=parallel.extract.progress done=53 total=53
level=info msg=pkgmap.scan_repo manifests=0
level=info msg=parallel.extract.done nodes=106 errors=0
level=info msg=pass.timing pass=parallel_extract elapsed_ms=33
level=info msg=mem.collect phase=post_extract rss_mb=320
level=info msg=parallel.registry.start files=53
level=info msg=parallel.registry.done entries=53 defines=106 imports=0
level=info msg=pass.timing pass=registry_build elapsed_ms=3
level=info msg=mem.phase phase=registry_build rss_mb=320 peak_mb=321
level=info msg=pass.timing pass=lsp_cross_prepare elapsed_ms=3
level=info msg=mem.phase phase=lsp_cross_prepare rss_mb=323 peak_mb=323
level=info msg=parallel.resolve.start files=53 workers=4
level=info msg=parallel.resolve.lsp_cross_done files_processed=0 files_skipped_no_source=0 defs_total=53
level=info msg=parallel.resolve.done calls=0 usages=0 semantic=0 lsp_overrides=0
level=info msg=parallel.resolve.phase_summary total_loop_cpu_ms=2 files_visited=53
level=info msg=parallel.resolve.phase_ms_a import_map=0 cross_lsp=0 resolve_calls=0
level=info msg=parallel.resolve.phase_ms_b resolve_usages=0 resolve_throws=0 resolve_rw=0 resolve_semantic=0
level=info msg=parallel.resolve.calls_breakdown find_source=0 lsp_lookup=0 resolve=0
level=info msg=parallel.resolve.calls_breakdown2 field_hint=0 find_target=0 emit_edge=0
level=info msg=pass.timing pass=parallel_resolve elapsed_ms=3
level=info msg=mem.phase phase=parallel_resolve rss_mb=323 peak_mb=323
level=info msg=pass.start pass=k8s files=53
level=info msg=pass.done pass=k8s kustomize=0 manifests=0
level=info msg=pass.timing pass=k8s elapsed_ms=0
level=info msg=pass.start pass=tests
level=info msg=pass.done pass=tests tests=0 tests_file=0
level=info msg=pass.timing pass=tests elapsed_ms=0
level=info msg=pass.timing pass=githistory_compute elapsed_ms=37
level=info msg=pass.done pass=githistory commits=0 edges=0
level=info msg=pass.timing pass=decorator_tags elapsed_ms=0
level=info msg=configlinker.skip reason=no_config_files
level=info msg=pass.timing pass=configlink elapsed_ms=0
level=info msg=pass.route_nodes created=1
level=info msg=pass.timing pass=route_match elapsed_ms=0
level=info msg=pass.start pass=similarity
level=info msg=pass.similarity.collected nodes_with_fp=0
level=info msg=pass.done pass=similarity edges=0
level=info msg=pass.timing pass=similarity elapsed_ms=0
level=info msg=pass.start pass=semantic_edges
level=info msg=pass.semantic.collected functions=53
level=info msg=pass.semantic.token_vectors count=69
level=info msg=pass.semantic.vectors_stored count=53
level=info msg=pass.semantic.lsh_built functions=53 bands=16
level=info msg=pass.done pass=semantic_edges edges=0
level=info msg=pass.timing pass=semantic_edges elapsed_ms=1187
level=info msg=pass.complexity functions=53
level=info msg=pass.timing pass=complexity elapsed_ms=0
level=info msg=gbuf.dump nodes=163 edges=162
level=info msg=pass.timing pass=dump elapsed_ms=43
level=info msg=pass.timing pass=persist_hashes files=53
level=info msg=pipeline.done nodes=0 edges=162 elapsed_ms=1363
PASS
  pipeline_python_http_propagation_and_helpers           level=info msg=pipeline.discover files=1 elapsed_ms=4
level=info msg=pipeline.route path=full
level=info msg=pass.start pass=structure files=1
level=info msg=pass.done pass=structure nodes=3 edges=2
level=info msg=pass.timing pass=structure elapsed_ms=0
level=info msg=pipeline.mode mode=sequential files=1
level=info msg=pkgmap.scan_repo manifests=0
level=info msg=pkgmap.scan manifests_from_files=0 manifests_from_walk=0 entries=0
level=info msg=pass.start pass=definitions files=1
level=info msg=pass.done pass=definitions defs=19 calls=6 imports=0 errors=0
level=info msg=pass.timing pass=definitions elapsed_ms=4
level=info msg=pass.start pass=k8s files=1
level=info msg=pass.done pass=k8s kustomize=0 manifests=0
level=info msg=pass.timing pass=k8s elapsed_ms=0
level=info msg=pass.start pass=lsp_cross files=1
level=info msg=pass.done pass=lsp_cross files_processed=1 files_skipped_no_lsp=0 files_skipped_no_source=0 defs_total=17 lsp_calls=1
level=info msg=pass.timing pass=lsp_cross elapsed_ms=4
level=info msg=pass.start pass=calls files=1
level=info msg=pass.done pass=calls total=6 resolved=5 unresolved=1 errors=0
level=info msg=pass.timing pass=calls elapsed_ms=1
level=info msg=pass.start pass=usages files=1
level=info msg=pass.done pass=usages usage=2 throws=0 rw=1 errors=0
level=info msg=pass.timing pass=usages elapsed_ms=0
level=info msg=pass.start pass=semantic files=1
level=info msg=pass.done pass=semantic inherits=0 decorates=0 implements=0 overrides=0 errors=0
level=info msg=pass.timing pass=semantic elapsed_ms=0
level=info msg=pass.start pass=tests
level=info msg=pass.done pass=tests tests=0 tests_file=0
level=info msg=pass.timing pass=tests elapsed_ms=0
level=info msg=pass.timing pass=githistory_compute elapsed_ms=40
level=info msg=pass.done pass=githistory commits=0 edges=0
level=info msg=pass.timing pass=decorator_tags elapsed_ms=0
level=info msg=configlinker.skip reason=no_config_files
level=info msg=pass.timing pass=configlink elapsed_ms=0
level=info msg=pass.route_nodes created=5
level=info msg=pass.timing pass=route_match elapsed_ms=0
level=info msg=pass.start pass=similarity
level=info msg=pass.similarity.collected nodes_with_fp=0
level=info msg=pass.done pass=similarity edges=0
level=info msg=pass.timing pass=similarity elapsed_ms=0
level=info msg=pass.start pass=semantic_edges
level=info msg=pass.semantic.collected functions=12
level=info msg=pass.semantic.token_vectors count=51
level=info msg=pass.semantic.vectors_stored count=12
level=info msg=pass.semantic.lsh_built functions=12 bands=16
level=info msg=pass.done pass=semantic_edges edges=0
level=info msg=pass.timing pass=semantic_edges elapsed_ms=1192
level=info msg=pass.complexity functions=12
level=info msg=pass.timing pass=complexity elapsed_ms=0
level=info msg=gbuf.dump nodes=27 edges=29
level=info msg=pass.timing pass=dump elapsed_ms=18
level=info msg=pass.timing pass=persist_hashes files=1
level=info msg=pipeline.done nodes=0 edges=29 elapsed_ms=1305
PASS
  pipeline_python_chained_imported_route_registration    level=info msg=pipeline.discover files=2 elapsed_ms=1
level=info msg=pipeline.route path=full
level=info msg=pass.start pass=structure files=2
level=info msg=pass.done pass=structure nodes=4 edges=3
level=info msg=pass.timing pass=structure elapsed_ms=0
level=info msg=pipeline.mode mode=sequential files=2
level=info msg=pkgmap.scan_repo manifests=0
level=info msg=pkgmap.scan manifests_from_files=0 manifests_from_walk=0 entries=0
level=info msg=pass.start pass=definitions files=2
level=info msg=pass.done pass=definitions defs=31 calls=5 imports=0 errors=0
level=info msg=pass.timing pass=definitions elapsed_ms=5
level=info msg=pass.start pass=k8s files=2
level=info msg=pass.done pass=k8s kustomize=0 manifests=0
level=info msg=pass.timing pass=k8s elapsed_ms=0
level=info msg=pass.start pass=lsp_cross files=2
level=info msg=pass.done pass=lsp_cross files_processed=2 files_skipped_no_lsp=0 files_skipped_no_source=0 defs_total=28 lsp_calls=2
level=info msg=pass.timing pass=lsp_cross elapsed_ms=4
level=info msg=pass.start pass=calls files=2
level=info msg=pass.done pass=calls total=5 resolved=4 unresolved=1 errors=0
level=info msg=pass.timing pass=calls elapsed_ms=1
level=info msg=pass.start pass=usages files=2
level=info msg=pass.done pass=usages usage=3 throws=0 rw=1 errors=0
level=info msg=pass.timing pass=usages elapsed_ms=0
level=info msg=pass.start pass=semantic files=2
level=info msg=pass.done pass=semantic inherits=0 decorates=0 implements=0 overrides=0 errors=0
level=info msg=pass.timing pass=semantic elapsed_ms=0
level=info msg=pass.start pass=tests
level=info msg=pass.done pass=tests tests=0 tests_file=0
level=info msg=pass.timing pass=tests elapsed_ms=0
level=info msg=pass.timing pass=githistory_compute elapsed_ms=37
level=info msg=pass.done pass=githistory commits=0 edges=0
level=info msg=pass.timing pass=decorator_tags elapsed_ms=0
level=info msg=configlinker.skip reason=no_config_files
level=info msg=pass.timing pass=configlink elapsed_ms=0
level=info msg=pass.timing pass=route_match elapsed_ms=0
level=info msg=pass.start pass=similarity
level=info msg=pass.similarity.collected nodes_with_fp=0
level=info msg=pass.done pass=similarity edges=0
level=info msg=pass.timing pass=similarity elapsed_ms=0
level=info msg=pass.start pass=semantic_edges
level=info msg=pass.semantic.collected functions=11
level=info msg=pass.semantic.token_vectors count=37
level=info msg=pass.semantic.vectors_stored count=11
level=info msg=pass.semantic.lsh_built functions=11 bands=16
level=info msg=pass.done pass=semantic_edges edges=0
level=info msg=pass.timing pass=semantic_edges elapsed_ms=1235
level=info msg=pass.complexity functions=11
level=info msg=pass.timing pass=complexity elapsed_ms=0
level=info msg=gbuf.dump nodes=25 edges=42
level=info msg=pass.timing pass=dump elapsed_ms=20
level=info msg=pass.timing pass=persist_hashes files=2
level=info msg=pipeline.done nodes=0 edges=42 elapsed_ms=1346
PASS
  pipeline_java_http_wrapper_propagation_sequential      level=info msg=pipeline.discover files=4 elapsed_ms=2
level=info msg=pipeline.route path=full
level=info msg=pass.start pass=structure files=4
level=info msg=pass.done pass=structure nodes=11 edges=9
level=info msg=pass.timing pass=structure elapsed_ms=0
level=info msg=pipeline.mode mode=sequential files=4
level=info msg=pkgmap.scan_repo manifests=0
level=info msg=pkgmap.scan manifests_from_files=0 manifests_from_walk=0 entries=0
level=info msg=pass.start pass=definitions files=4
level=info msg=pass.done pass=definitions defs=19 calls=4 imports=3 errors=0
level=info msg=pass.timing pass=definitions elapsed_ms=6
level=info msg=pass.start pass=k8s files=4
level=info msg=pass.done pass=k8s kustomize=0 manifests=0
level=info msg=pass.timing pass=k8s elapsed_ms=0
level=info msg=pass.start pass=lsp_cross files=4
level=info msg=pass.done pass=lsp_cross files_processed=4 files_skipped_no_lsp=0 files_skipped_no_source=0 defs_total=7 lsp_calls=4
level=info msg=pass.timing pass=lsp_cross elapsed_ms=7
level=info msg=pass.start pass=calls files=4
level=info msg=java_http.propagation wrappers=1 calls=1 constants=2
level=info msg=pass.done pass=calls total=4 resolved=4 unresolved=0 errors=0
level=info msg=pass.timing pass=calls elapsed_ms=2
level=info msg=pass.start pass=usages files=4
level=info msg=pass.done pass=usages usage=3 throws=0 rw=0 errors=0
level=info msg=pass.timing pass=usages elapsed_ms=0
level=info msg=pass.start pass=semantic files=4
level=info msg=pass.done pass=semantic inherits=0 decorates=0 implements=0 overrides=0 errors=0
level=info msg=pass.timing pass=semantic elapsed_ms=0
level=info msg=pass.start pass=tests
level=info msg=pass.done pass=tests tests=0 tests_file=0
level=info msg=pass.timing pass=tests elapsed_ms=0
level=info msg=pass.timing pass=githistory_compute elapsed_ms=122
level=info msg=pass.done pass=githistory commits=0 edges=0
level=info msg=pass.timing pass=decorator_tags elapsed_ms=0
level=info msg=configlinker.skip reason=no_config_files
level=info msg=pass.timing pass=configlink elapsed_ms=0
level=info msg=pass.route_nodes created=1
level=info msg=pass.timing pass=route_match elapsed_ms=0
level=info msg=pass.start pass=similarity
level=info msg=pass.similarity.collected nodes_with_fp=0
level=info msg=pass.done pass=similarity edges=0
level=info msg=pass.timing pass=similarity elapsed_ms=0
level=info msg=pass.start pass=semantic_edges
level=info msg=pass.semantic.collected functions=3
level=info msg=pass.semantic.token_vectors count=31
level=info msg=pass.semantic.vectors_stored count=3
level=info msg=pass.semantic.lsh_built functions=3 bands=16
level=info msg=pass.done pass=semantic_edges edges=0
level=info msg=pass.timing pass=semantic_edges elapsed_ms=1323
level=info msg=pass.complexity functions=3
level=info msg=pass.timing pass=complexity elapsed_ms=0
level=info msg=gbuf.dump nodes=27 edges=41
level=info msg=pass.timing pass=dump elapsed_ms=19
level=info msg=pass.timing pass=persist_hashes files=4
level=info msg=pipeline.done nodes=0 edges=41 elapsed_ms=1528
PASS
  pipeline_java_http_wrapper_propagation_parallel        level=info msg=pipeline.discover files=56 elapsed_ms=8
level=info msg=pipeline.route path=full
level=info msg=pass.start pass=structure files=56
level=info msg=pass.done pass=structure nodes=64 edges=62
level=info msg=pass.timing pass=structure elapsed_ms=3
level=info msg=pipeline.mode mode=parallel workers=4 files=56
level=info msg=parallel.extract.start files=56 workers=4
level=info msg=parallel.extract.retention retain_sources=true total_mb=1024 per_file_mb=32
level=info msg=parallel.extract.file.start pos=0 size_kb=0 path=src/client/PythonBridge.java
level=info msg=parallel.extract.file.start pos=1 size_kb=0 path=src/jobs/RunJob.java
level=info msg=parallel.extract.file.start pos=2 size_kb=0 path=src/http/RestTemplate.java
level=info msg=parallel.extract.file.start pos=3 size_kb=0 path=src/api/PythonApiConst.java
level=info msg=parallel.extract.file.done pos=0 elapsed_ms=1 defs=7 path=src/client/PythonBridge.java
level=info msg=parallel.extract.file.done pos=2 elapsed_ms=1 defs=3 path=src/http/RestTemplate.java
level=info msg=parallel.extract.file.done pos=1 elapsed_ms=1 defs=5 path=src/jobs/RunJob.java
level=info msg=parallel.extract.file.done pos=3 elapsed_ms=1 defs=4 path=src/api/PythonApiConst.java
level=info msg=parallel.extract.file.start pos=4 size_kb=0 path=src/filler/Filler10.java
level=info msg=parallel.extract.file.start pos=5 size_kb=0 path=src/filler/Filler11.java
level=info msg=parallel.extract.file.start pos=6 size_kb=0 path=src/filler/Filler12.java
level=info msg=parallel.extract.file.start pos=7 size_kb=0 path=src/filler/Filler13.java
level=info msg=parallel.extract.file.done pos=4 elapsed_ms=1 defs=3 path=src/filler/Filler10.java
level=info msg=parallel.extract.file.done pos=5 elapsed_ms=1 defs=3 path=src/filler/Filler11.java
level=info msg=parallel.extract.file.done pos=6 elapsed_ms=1 defs=3 path=src/filler/Filler12.java
level=info msg=parallel.extract.file.start pos=8 size_kb=0 path=src/filler/Filler14.java
level=info msg=parallel.extract.file.done pos=7 elapsed_ms=1 defs=3 path=src/filler/Filler13.java
level=info msg=parallel.extract.file.start pos=9 size_kb=0 path=src/filler/Filler15.java
level=info msg=parallel.extract.file.start pos=10 size_kb=0 path=src/filler/Filler16.java
level=info msg=parallel.extract.file.start pos=11 size_kb=0 path=src/filler/Filler17.java
level=info msg=parallel.extract.file.done pos=8 elapsed_ms=1 defs=3 path=src/filler/Filler14.java
level=info msg=parallel.extract.file.done pos=9 elapsed_ms=1 defs=3 path=src/filler/Filler15.java
level=info msg=parallel.extract.file.start pos=12 size_kb=0 path=src/filler/Filler18.java
level=info msg=parallel.extract.file.done pos=10 elapsed_ms=1 defs=3 path=src/filler/Filler16.java
level=info msg=parallel.extract.progress done=10 total=56
level=info msg=parallel.extract.file.done pos=11 elapsed_ms=1 defs=3 path=src/filler/Filler17.java
level=info msg=parallel.extract.file.start pos=13 size_kb=0 path=src/filler/Filler19.java
level=info msg=parallel.extract.file.start pos=14 size_kb=0 path=src/filler/Filler51.java
level=info msg=parallel.extract.file.done pos=12 elapsed_ms=1 defs=3 path=src/filler/Filler18.java
level=info msg=parallel.extract.file.start pos=15 size_kb=0 path=src/filler/Filler20.java
level=info msg=parallel.extract.file.done pos=13 elapsed_ms=1 defs=3 path=src/filler/Filler19.java
level=info msg=parallel.extract.file.start pos=16 size_kb=0 path=src/filler/Filler21.java
level=info msg=parallel.extract.file.done pos=14 elapsed_ms=1 defs=3 path=src/filler/Filler51.java
level=info msg=parallel.extract.file.start pos=17 size_kb=0 path=src/filler/Filler22.java
level=info msg=parallel.extract.file.done pos=15 elapsed_ms=0 defs=3 path=src/filler/Filler20.java
level=info msg=parallel.extract.file.start pos=18 size_kb=0 path=src/filler/Filler23.java
level=info msg=parallel.extract.file.done pos=16 elapsed_ms=1 defs=3 path=src/filler/Filler21.java
level=info msg=parallel.extract.file.start pos=19 size_kb=0 path=src/filler/Filler24.java
level=info msg=parallel.extract.file.done pos=17 elapsed_ms=1 defs=3 path=src/filler/Filler22.java
level=info msg=parallel.extract.file.start pos=20 size_kb=0 path=src/filler/Filler25.java
level=info msg=parallel.extract.file.done pos=18 elapsed_ms=0 defs=3 path=src/filler/Filler23.java
level=info msg=parallel.extract.file.start pos=21 size_kb=0 path=src/filler/Filler26.java
level=info msg=parallel.extract.file.done pos=19 elapsed_ms=0 defs=3 path=src/filler/Filler24.java
level=info msg=parallel.extract.file.start pos=22 size_kb=0 path=src/filler/Filler27.java
level=info msg=parallel.extract.progress done=20 total=56
level=info msg=parallel.extract.file.done pos=20 elapsed_ms=1 defs=3 path=src/filler/Filler25.java
level=info msg=parallel.extract.file.done pos=21 elapsed_ms=0 defs=3 path=src/filler/Filler26.java
level=info msg=parallel.extract.file.start pos=23 size_kb=0 path=src/filler/Filler28.java
level=info msg=parallel.extract.file.done pos=22 elapsed_ms=0 defs=3 path=src/filler/Filler27.java
level=info msg=parallel.extract.file.done pos=23 elapsed_ms=0 defs=3 path=src/filler/Filler28.java
level=info msg=parallel.extract.progress done=30 total=56
level=info msg=parallel.extract.progress done=40 total=56
level=info msg=parallel.extract.progress done=50 total=56
level=info msg=parallel.extract.progress done=56 total=56
level=info msg=pkgmap.scan_repo manifests=0
level=info msg=parallel.extract.done nodes=175 errors=0
level=info msg=pass.timing pass=parallel_extract elapsed_ms=36
level=info msg=mem.collect phase=post_extract rss_mb=327
level=info msg=parallel.registry.start files=56
level=info msg=parallel.registry.done entries=119 defines=175 imports=3
level=info msg=pass.timing pass=registry_build elapsed_ms=7
level=info msg=mem.phase phase=registry_build rss_mb=327 peak_mb=328
level=info msg=pass.timing pass=lsp_cross_prepare elapsed_ms=3
level=info msg=mem.phase phase=lsp_cross_prepare rss_mb=330 peak_mb=330
level=info msg=java_http.propagation wrappers=1 calls=1 constants=2
level=info msg=parallel.resolve.start files=56 workers=4
level=info msg=parallel.resolve.lsp_cross_done files_processed=2 files_skipped_no_source=0 defs_total=111
level=info msg=parallel.resolve.done calls=4 usages=3 semantic=0 lsp_overrides=0
level=info msg=parallel.resolve.phase_summary total_loop_cpu_ms=5 files_visited=56
level=info msg=parallel.resolve.phase_ms_a import_map=0 cross_lsp=2 resolve_calls=0
level=info msg=parallel.resolve.phase_ms_b resolve_usages=0 resolve_throws=0 resolve_rw=0 resolve_semantic=0
level=info msg=parallel.resolve.calls_breakdown find_source=0 lsp_lookup=0 resolve=0
level=info msg=parallel.resolve.calls_breakdown2 field_hint=0 find_target=0 emit_edge=0
level=info msg=pass.timing pass=parallel_resolve elapsed_ms=5
level=info msg=mem.phase phase=parallel_resolve rss_mb=331 peak_mb=331
level=info msg=pass.start pass=k8s files=56
level=info msg=pass.done pass=k8s kustomize=0 manifests=0
level=info msg=pass.timing pass=k8s elapsed_ms=0
level=info msg=pass.start pass=tests
level=info msg=pass.done pass=tests tests=0 tests_file=0
level=info msg=pass.timing pass=tests elapsed_ms=0
level=info msg=pass.timing pass=githistory_compute elapsed_ms=41
level=info msg=pass.done pass=githistory commits=0 edges=0
level=info msg=pass.timing pass=decorator_tags elapsed_ms=0
level=info msg=configlinker.skip reason=no_config_files
level=info msg=pass.timing pass=configlink elapsed_ms=0
level=info msg=pass.route_nodes created=1
level=info msg=pass.timing pass=route_match elapsed_ms=0
level=info msg=pass.start pass=similarity
level=info msg=pass.similarity.collected nodes_with_fp=0
level=info msg=pass.done pass=similarity edges=0
level=info msg=pass.timing pass=similarity elapsed_ms=0
level=info msg=pass.start pass=semantic_edges
level=info msg=pass.semantic.collected functions=55
level=info msg=pass.semantic.token_vectors count=87
level=info msg=pass.semantic.vectors_stored count=55
level=info msg=pass.semantic.lsh_built functions=55 bands=16
level=info msg=pass.done pass=semantic_edges edges=0
level=info msg=pass.timing pass=semantic_edges elapsed_ms=1277
level=info msg=pass.complexity functions=55
level=info msg=pass.timing pass=complexity elapsed_ms=0
level=info msg=gbuf.dump nodes=184 edges=302
level=info msg=pass.timing pass=dump elapsed_ms=67
level=info msg=pass.timing pass=persist_hashes files=56
level=info msg=pipeline.done nodes=0 edges=302 elapsed_ms=1505
PASS
  pipeline_local_fetch_shadow_not_classified_as_http     level=info msg=pipeline.discover files=1 elapsed_ms=1
level=info msg=pipeline.route path=full
level=info msg=pass.start pass=structure files=1
level=info msg=pass.done pass=structure nodes=4 edges=3
level=info msg=pass.timing pass=structure elapsed_ms=0
level=info msg=pipeline.mode mode=sequential files=1
level=info msg=pkgmap.scan_repo manifests=0
level=info msg=pkgmap.scan manifests_from_files=0 manifests_from_walk=0 entries=0
level=info msg=pass.start pass=definitions files=1
level=info msg=pass.done pass=definitions defs=3 calls=1 imports=0 errors=0
level=info msg=pass.timing pass=definitions elapsed_ms=2
level=info msg=pass.start pass=k8s files=1
level=info msg=pass.done pass=k8s kustomize=0 manifests=0
level=info msg=pass.timing pass=k8s elapsed_ms=0
level=info msg=pass.start pass=lsp_cross files=1
level=info msg=pass.done pass=lsp_cross files_processed=1 files_skipped_no_lsp=0 files_skipped_no_source=0 defs_total=2 lsp_calls=1
level=info msg=pass.timing pass=lsp_cross elapsed_ms=4
level=info msg=pass.start pass=calls files=1
level=info msg=pass.done pass=calls total=1 resolved=1 unresolved=0 errors=0
level=info msg=pass.timing pass=calls elapsed_ms=0
level=info msg=pass.start pass=usages files=1
level=info msg=pass.done pass=usages usage=0 throws=0 rw=0 errors=0
level=info msg=pass.timing pass=usages elapsed_ms=0
level=info msg=pass.start pass=semantic files=1
level=info msg=pass.done pass=semantic inherits=0 decorates=0 implements=0 overrides=0 errors=0
level=info msg=pass.timing pass=semantic elapsed_ms=0
level=info msg=pass.start pass=tests
level=info msg=pass.done pass=tests tests=0 tests_file=0
level=info msg=pass.timing pass=tests elapsed_ms=0
level=info msg=pass.timing pass=githistory_compute elapsed_ms=40
level=info msg=pass.done pass=githistory commits=0 edges=0
level=info msg=pass.timing pass=decorator_tags elapsed_ms=0
level=info msg=configlinker.skip reason=no_config_files
level=info msg=pass.timing pass=configlink elapsed_ms=0
level=info msg=pass.timing pass=route_match elapsed_ms=0
level=info msg=pass.start pass=similarity
level=info msg=pass.similarity.collected nodes_with_fp=0
level=info msg=pass.done pass=similarity edges=0
level=info msg=pass.timing pass=similarity elapsed_ms=0
level=info msg=pass.start pass=semantic_edges
level=info msg=pass.semantic.collected functions=2
level=info msg=pass.semantic.token_vectors count=17
level=info msg=pass.semantic.vectors_stored count=2
level=info msg=pass.semantic.lsh_built functions=2 bands=16
level=info msg=pass.done pass=semantic_edges edges=0
level=info msg=pass.timing pass=semantic_edges elapsed_ms=1175
level=info msg=pass.complexity functions=2
level=info msg=pass.timing pass=complexity elapsed_ms=0
level=info msg=gbuf.dump nodes=7 edges=7
level=info msg=pass.timing pass=dump elapsed_ms=14
level=info msg=pass.timing pass=persist_hashes files=1
level=info msg=pipeline.done nodes=0 edges=7 elapsed_ms=1273
PASS
  githistory_is_trackable                                PASS
  githistory_compute_coupling                            PASS
  githistory_coupling_carries_last_co_change             PASS
  githistory_skip_large_commits                          PASS
  githistory_limits_to_max                               PASS
  testdetect_is_test_file                                PASS
  testdetect_is_test_function                            PASS
  implements_creates_override                            PASS
  implements_no_match                                    PASS
  usages_creates_edges                                   level=info msg=pipeline.discover files=2 elapsed_ms=2
level=info msg=pipeline.route path=full
level=info msg=pass.start pass=structure files=2
level=info msg=pass.done pass=structure nodes=5 edges=4
level=info msg=pass.timing pass=structure elapsed_ms=0
level=info msg=pipeline.mode mode=sequential files=2
level=info msg=pkgmap.scan_repo manifests=1
level=info msg=pkgmap.scan manifests_from_files=2 manifests_from_walk=2 entries=2
level=info msg=pkgmap.build entries=1
level=info msg=pass.start pass=definitions files=2
level=info msg=pass.done pass=definitions defs=4 calls=0 imports=0 errors=0
level=info msg=pass.timing pass=definitions elapsed_ms=3
level=info msg=pass.start pass=k8s files=2
level=info msg=pass.k8s.depmanifest file=go.mod deps=0
level=info msg=pass.done pass=k8s kustomize=0 manifests=0
level=info msg=pass.timing pass=k8s elapsed_ms=1
level=info msg=pass.start pass=lsp_cross files=2
level=info msg=pass.done pass=lsp_cross files_processed=1 files_skipped_no_lsp=1 files_skipped_no_source=0 defs_total=2 lsp_calls=1
level=info msg=pass.timing pass=lsp_cross elapsed_ms=3
level=info msg=pass.start pass=calls files=2
level=info msg=pass.done pass=calls total=0 resolved=0 unresolved=0 errors=0
level=info msg=pass.timing pass=calls elapsed_ms=0
level=info msg=pass.start pass=usages files=2
level=info msg=pass.done pass=usages usage=1 throws=0 rw=0 errors=0
level=info msg=pass.timing pass=usages elapsed_ms=0
level=info msg=pass.start pass=semantic files=2
level=info msg=pass.done pass=semantic inherits=0 decorates=0 implements=0 overrides=0 errors=0
level=info msg=pass.timing pass=semantic elapsed_ms=0
level=info msg=pass.start pass=tests
level=info msg=pass.done pass=tests tests=0 tests_file=0
level=info msg=pass.timing pass=tests elapsed_ms=0
level=info msg=pass.timing pass=githistory_compute elapsed_ms=38
level=info msg=pass.done pass=githistory commits=0 edges=0
level=info msg=pass.timing pass=decorator_tags elapsed_ms=0
level=info msg=configlinker.skip reason=no_config_files
level=info msg=pass.timing pass=configlink elapsed_ms=0
level=info msg=pass.timing pass=route_match elapsed_ms=0
level=info msg=pass.start pass=similarity
level=info msg=pass.similarity.collected nodes_with_fp=0
level=info msg=pass.done pass=similarity edges=0
level=info msg=pass.timing pass=similarity elapsed_ms=0
level=info msg=pass.start pass=semantic_edges
level=info msg=pass.semantic.collected functions=2
level=info msg=pass.semantic.token_vectors count=15
level=info msg=pass.semantic.vectors_stored count=2
level=info msg=pass.semantic.lsh_built functions=2 bands=16
level=info msg=pass.done pass=semantic_edges edges=0
level=info msg=pass.timing pass=semantic_edges elapsed_ms=1206
level=info msg=pass.complexity functions=2
level=info msg=pass.timing pass=complexity elapsed_ms=0
level=info msg=gbuf.dump nodes=8 edges=9
level=info msg=pass.timing pass=dump elapsed_ms=12
level=info msg=pass.timing pass=persist_hashes files=2
level=info msg=pipeline.done nodes=0 edges=9 elapsed_ms=1307
PASS
  usages_no_duplicate_calls                              level=info msg=pipeline.discover files=2 elapsed_ms=2
level=info msg=pipeline.route path=full
level=info msg=pass.start pass=structure files=2
level=info msg=pass.done pass=structure nodes=5 edges=4
level=info msg=pass.timing pass=structure elapsed_ms=0
level=info msg=pipeline.mode mode=sequential files=2
level=info msg=pkgmap.scan_repo manifests=1
level=info msg=pkgmap.scan manifests_from_files=2 manifests_from_walk=2 entries=2
level=info msg=pkgmap.build entries=1
level=info msg=pass.start pass=definitions files=2
level=info msg=pass.done pass=definitions defs=4 calls=1 imports=0 errors=0
level=info msg=pass.timing pass=definitions elapsed_ms=2
level=info msg=pass.start pass=k8s files=2
level=info msg=pass.k8s.depmanifest file=go.mod deps=0
level=info msg=pass.done pass=k8s kustomize=0 manifests=0
level=info msg=pass.timing pass=k8s elapsed_ms=0
level=info msg=pass.start pass=lsp_cross files=2
level=info msg=pass.done pass=lsp_cross files_processed=1 files_skipped_no_lsp=1 files_skipped_no_source=0 defs_total=2 lsp_calls=1
level=info msg=pass.timing pass=lsp_cross elapsed_ms=5
level=info msg=pass.start pass=calls files=2
level=info msg=pass.done pass=calls total=1 resolved=1 unresolved=0 errors=0
level=info msg=pass.timing pass=calls elapsed_ms=0
level=info msg=pass.start pass=usages files=2
level=info msg=pass.done pass=usages usage=0 throws=0 rw=0 errors=0
level=info msg=pass.timing pass=usages elapsed_ms=0
level=info msg=pass.start pass=semantic files=2
level=info msg=pass.done pass=semantic inherits=0 decorates=0 implements=0 overrides=0 errors=0
level=info msg=pass.timing pass=semantic elapsed_ms=0
level=info msg=pass.start pass=tests
level=info msg=pass.done pass=tests tests=0 tests_file=0
level=info msg=pass.timing pass=tests elapsed_ms=0
level=info msg=pass.timing pass=githistory_compute elapsed_ms=35
level=info msg=pass.done pass=githistory commits=0 edges=0
level=info msg=pass.timing pass=decorator_tags elapsed_ms=0
level=info msg=configlinker.skip reason=no_config_files
level=info msg=pass.timing pass=configlink elapsed_ms=0
level=info msg=pass.timing pass=route_match elapsed_ms=0
level=info msg=pass.start pass=similarity
level=info msg=pass.similarity.collected nodes_with_fp=0
level=info msg=pass.done pass=similarity edges=0
level=info msg=pass.timing pass=similarity elapsed_ms=0
level=info msg=pass.start pass=semantic_edges
level=info msg=pass.semantic.collected functions=2
level=info msg=pass.semantic.token_vectors count=12
level=info msg=pass.semantic.vectors_stored count=2
level=info msg=pass.semantic.lsh_built functions=2 bands=16
level=info msg=pass.done pass=semantic_edges edges=0
level=info msg=pass.timing pass=semantic_edges elapsed_ms=1203
level=info msg=pass.complexity functions=2
level=info msg=pass.timing pass=complexity elapsed_ms=0
level=info msg=gbuf.dump nodes=8 edges=9
level=info msg=pass.timing pass=dump elapsed_ms=14
level=info msg=pass.timing pass=persist_hashes files=2
level=info msg=pipeline.done nodes=0 edges=9 elapsed_ms=1307
PASS
  calls_edge_carries_call_site_line                      level=info msg=pipeline.discover files=2 elapsed_ms=1
level=info msg=pipeline.route path=full
level=info msg=pass.start pass=structure files=2
level=info msg=pass.done pass=structure nodes=5 edges=4
level=info msg=pass.timing pass=structure elapsed_ms=0
level=info msg=pipeline.mode mode=sequential files=2
level=info msg=pkgmap.scan_repo manifests=1
level=info msg=pkgmap.scan manifests_from_files=2 manifests_from_walk=2 entries=2
level=info msg=pkgmap.build entries=1
level=info msg=pass.start pass=definitions files=2
level=info msg=pass.done pass=definitions defs=4 calls=1 imports=0 errors=0
level=info msg=pass.timing pass=definitions elapsed_ms=2
level=info msg=pass.start pass=k8s files=2
level=info msg=pass.k8s.depmanifest file=go.mod deps=0
level=info msg=pass.done pass=k8s kustomize=0 manifests=0
level=info msg=pass.timing pass=k8s elapsed_ms=0
level=info msg=pass.start pass=lsp_cross files=2
level=info msg=pass.done pass=lsp_cross files_processed=1 files_skipped_no_lsp=1 files_skipped_no_source=0 defs_total=2 lsp_calls=1
level=info msg=pass.timing pass=lsp_cross elapsed_ms=4
level=info msg=pass.start pass=calls files=2
level=info msg=pass.done pass=calls total=1 resolved=1 unresolved=0 errors=0
level=info msg=pass.timing pass=calls elapsed_ms=0
level=info msg=pass.start pass=usages files=2
level=info msg=pass.done pass=usages usage=0 throws=0 rw=0 errors=0
level=info msg=pass.timing pass=usages elapsed_ms=0
level=info msg=pass.start pass=semantic files=2
level=info msg=pass.done pass=semantic inherits=0 decorates=0 implements=0 overrides=0 errors=0
level=info msg=pass.timing pass=semantic elapsed_ms=0
level=info msg=pass.start pass=tests
level=info msg=pass.done pass=tests tests=0 tests_file=0
level=info msg=pass.timing pass=tests elapsed_ms=0
level=info msg=pass.timing pass=githistory_compute elapsed_ms=35
level=info msg=pass.done pass=githistory commits=0 edges=0
level=info msg=pass.timing pass=decorator_tags elapsed_ms=0
level=info msg=configlinker.skip reason=no_config_files
level=info msg=pass.timing pass=configlink elapsed_ms=0
level=info msg=pass.timing pass=route_match elapsed_ms=0
level=info msg=pass.start pass=similarity
level=info msg=pass.similarity.collected nodes_with_fp=0
level=info msg=pass.done pass=similarity edges=0
level=info msg=pass.timing pass=similarity elapsed_ms=0
level=info msg=pass.start pass=semantic_edges
level=info msg=pass.semantic.collected functions=2
level=info msg=pass.semantic.token_vectors count=12
level=info msg=pass.semantic.vectors_stored count=2
level=info msg=pass.semantic.lsh_built functions=2 bands=16
level=info msg=pass.done pass=semantic_edges edges=0
level=info msg=pass.timing pass=semantic_edges elapsed_ms=1217
level=info msg=pass.complexity functions=2
level=info msg=pass.timing pass=complexity elapsed_ms=0
level=info msg=gbuf.dump nodes=8 edges=9
level=info msg=pass.timing pass=dump elapsed_ms=14
level=info msg=pass.timing pass=persist_hashes files=2
level=info msg=pipeline.done nodes=0 edges=9 elapsed_ms=1316
PASS
  usages_kotlin_creates_edges                            level=info msg=pipeline.discover files=1 elapsed_ms=1
level=info msg=pipeline.route path=full
level=info msg=pass.start pass=structure files=1
level=info msg=pass.done pass=structure nodes=3 edges=2
level=info msg=pass.timing pass=structure elapsed_ms=0
level=info msg=pipeline.mode mode=sequential files=1
level=info msg=pkgmap.scan_repo manifests=0
level=info msg=pkgmap.scan manifests_from_files=0 manifests_from_walk=0 entries=0
level=info msg=pass.start pass=definitions files=1
level=info msg=pass.done pass=definitions defs=7 calls=0 imports=0 errors=0
level=info msg=pass.timing pass=definitions elapsed_ms=3
level=info msg=pass.start pass=k8s files=1
level=info msg=pass.done pass=k8s kustomize=0 manifests=0
level=info msg=pass.timing pass=k8s elapsed_ms=0
level=info msg=pass.start pass=lsp_cross files=1
level=info msg=pass.done pass=lsp_cross files_processed=1 files_skipped_no_lsp=0 files_skipped_no_source=0 defs_total=6 lsp_calls=1
level=info msg=pass.timing pass=lsp_cross elapsed_ms=6
level=info msg=pass.start pass=calls files=1
level=info msg=pass.done pass=calls total=0 resolved=0 unresolved=0 errors=0
level=info msg=pass.timing pass=calls elapsed_ms=1
level=info msg=pass.start pass=usages files=1
level=info msg=pass.done pass=usages usage=1 throws=0 rw=0 errors=0
level=info msg=pass.timing pass=usages elapsed_ms=0
level=info msg=pass.start pass=semantic files=1
level=info msg=pass.done pass=semantic inherits=0 decorates=0 implements=0 overrides=0 errors=0
level=info msg=pass.timing pass=semantic elapsed_ms=0
level=info msg=pass.start pass=tests
level=info msg=pass.done pass=tests tests=0 tests_file=0
level=info msg=pass.timing pass=tests elapsed_ms=0
level=info msg=pass.timing pass=githistory_compute elapsed_ms=34
level=info msg=pass.done pass=githistory commits=0 edges=0
level=info msg=pass.timing pass=decorator_tags elapsed_ms=0
level=info msg=configlinker.skip reason=no_config_files
level=info msg=pass.timing pass=configlink elapsed_ms=0
level=info msg=pass.timing pass=route_match elapsed_ms=0
level=info msg=pass.start pass=similarity
level=info msg=pass.similarity.collected nodes_with_fp=0
level=info msg=pass.done pass=similarity edges=0
level=info msg=pass.timing pass=similarity elapsed_ms=0
level=info msg=pass.start pass=semantic_edges
level=info msg=pass.semantic.collected functions=5
level=info msg=pass.semantic.token_vectors count=19
level=info msg=pass.semantic.vectors_stored count=5
level=info msg=pass.semantic.lsh_built functions=5 bands=16
level=info msg=pass.done pass=semantic_edges edges=0
level=info msg=pass.timing pass=semantic_edges elapsed_ms=1203
level=info msg=pass.complexity functions=5
level=info msg=pass.timing pass=complexity elapsed_ms=0
level=info msg=gbuf.dump nodes=10 edges=10
level=info msg=pass.timing pass=dump elapsed_ms=13
level=info msg=pass.timing pass=persist_hashes files=1
level=info msg=pipeline.done nodes=0 edges=10 elapsed_ms=1306
PASS
  usages_kotlin_no_duplicate_calls                       level=info msg=pipeline.discover files=1 elapsed_ms=1
level=info msg=pipeline.route path=full
level=info msg=pass.start pass=structure files=1
level=info msg=pass.done pass=structure nodes=3 edges=2
level=info msg=pass.timing pass=structure elapsed_ms=0
level=info msg=pipeline.mode mode=sequential files=1
level=info msg=pkgmap.scan_repo manifests=0
level=info msg=pkgmap.scan manifests_from_files=0 manifests_from_walk=0 entries=0
level=info msg=pass.start pass=definitions files=1
level=info msg=pass.done pass=definitions defs=7 calls=1 imports=0 errors=0
level=info msg=pass.timing pass=definitions elapsed_ms=2
level=info msg=pass.start pass=k8s files=1
level=info msg=pass.done pass=k8s kustomize=0 manifests=0
level=info msg=pass.timing pass=k8s elapsed_ms=0
level=info msg=pass.start pass=lsp_cross files=1
level=info msg=pass.done pass=lsp_cross files_processed=1 files_skipped_no_lsp=0 files_skipped_no_source=0 defs_total=6 lsp_calls=1
level=info msg=pass.timing pass=lsp_cross elapsed_ms=2
level=info msg=pass.start pass=calls files=1
level=info msg=pass.done pass=calls total=1 resolved=1 unresolved=0 errors=0
level=info msg=pass.timing pass=calls elapsed_ms=0
level=info msg=pass.start pass=usages files=1
level=info msg=pass.done pass=usages usage=0 throws=0 rw=0 errors=0
level=info msg=pass.timing pass=usages elapsed_ms=0
level=info msg=pass.start pass=semantic files=1
level=info msg=pass.done pass=semantic inherits=0 decorates=0 implements=0 overrides=0 errors=0
level=info msg=pass.timing pass=semantic elapsed_ms=0
level=info msg=pass.start pass=tests
level=info msg=pass.done pass=tests tests=0 tests_file=0
level=info msg=pass.timing pass=tests elapsed_ms=0
level=info msg=pass.timing pass=githistory_compute elapsed_ms=31
level=info msg=pass.done pass=githistory commits=0 edges=0
level=info msg=pass.timing pass=decorator_tags elapsed_ms=0
level=info msg=configlinker.skip reason=no_config_files
level=info msg=pass.timing pass=configlink elapsed_ms=0
level=info msg=pass.timing pass=route_match elapsed_ms=0
level=info msg=pass.start pass=similarity
level=info msg=pass.similarity.collected nodes_with_fp=0
level=info msg=pass.done pass=similarity edges=0
level=info msg=pass.timing pass=similarity elapsed_ms=0
level=info msg=pass.start pass=semantic_edges
level=info msg=pass.semantic.collected functions=5
level=info msg=pass.semantic.token_vectors count=18
level=info msg=pass.semantic.vectors_stored count=5
level=info msg=pass.semantic.lsh_built functions=5 bands=16
level=info msg=pass.done pass=semantic_edges edges=0
level=info msg=pass.timing pass=semantic_edges elapsed_ms=1224
level=info msg=pass.complexity functions=5
level=info msg=pass.timing pass=complexity elapsed_ms=0
level=info msg=gbuf.dump nodes=10 edges=10
level=info msg=pass.timing pass=dump elapsed_ms=14
level=info msg=pass.timing pass=persist_hashes files=1
level=info msg=pipeline.done nodes=0 edges=10 elapsed_ms=1317
PASS
  pipeline_python_project                                level=info msg=pipeline.discover files=2 elapsed_ms=1
level=info msg=pipeline.route path=full
level=info msg=pass.start pass=structure files=2
level=info msg=pass.done pass=structure nodes=4 edges=3
level=info msg=pass.timing pass=structure elapsed_ms=0
level=info msg=pipeline.mode mode=sequential files=2
level=info msg=pkgmap.scan_repo manifests=0
level=info msg=pkgmap.scan manifests_from_files=0 manifests_from_walk=0 entries=0
level=info msg=pass.start pass=definitions files=2
level=info msg=pass.done pass=definitions defs=33 calls=1 imports=0 errors=0
level=info msg=pass.timing pass=definitions elapsed_ms=5
level=info msg=pass.start pass=k8s files=2
level=info msg=pass.done pass=k8s kustomize=0 manifests=0
level=info msg=pass.timing pass=k8s elapsed_ms=0
level=info msg=pass.start pass=lsp_cross files=2
level=info msg=pass.done pass=lsp_cross files_processed=2 files_skipped_no_lsp=0 files_skipped_no_source=0 defs_total=29 lsp_calls=2
level=info msg=pass.timing pass=lsp_cross elapsed_ms=4
level=info msg=pass.start pass=calls files=2
level=info msg=pass.done pass=calls total=1 resolved=1 unresolved=0 errors=0
level=info msg=pass.timing pass=calls elapsed_ms=0
level=info msg=pass.start pass=usages files=2
level=info msg=pass.done pass=usages usage=2 throws=0 rw=2 errors=0
level=info msg=pass.timing pass=usages elapsed_ms=0
level=info msg=pass.start pass=semantic files=2
level=info msg=pass.done pass=semantic inherits=0 decorates=0 implements=0 overrides=0 errors=0
level=info msg=pass.timing pass=semantic elapsed_ms=0
level=info msg=pass.start pass=tests
level=info msg=pass.done pass=tests tests=0 tests_file=0
level=info msg=pass.timing pass=tests elapsed_ms=0
level=info msg=pass.timing pass=githistory_compute elapsed_ms=40
level=info msg=pass.done pass=githistory commits=0 edges=0
level=info msg=pass.timing pass=decorator_tags elapsed_ms=0
level=info msg=configlinker.skip reason=no_config_files
level=info msg=pass.timing pass=configlink elapsed_ms=0
level=info msg=pass.timing pass=route_match elapsed_ms=0
level=info msg=pass.start pass=similarity
level=info msg=pass.similarity.collected nodes_with_fp=0
level=info msg=pass.done pass=similarity edges=0
level=info msg=pass.timing pass=similarity elapsed_ms=0
level=info msg=pass.start pass=semantic_edges
level=info msg=pass.semantic.collected functions=11
level=info msg=pass.semantic.token_vectors count=36
level=info msg=pass.semantic.vectors_stored count=11
level=info msg=pass.semantic.lsh_built functions=11 bands=16
level=info msg=pass.done pass=semantic_edges edges=0
level=info msg=pass.timing pass=semantic_edges elapsed_ms=1202
level=info msg=pass.complexity functions=11
level=info msg=pass.timing pass=complexity elapsed_ms=0
level=info msg=gbuf.dump nodes=25 edges=42
level=info msg=pass.timing pass=dump elapsed_ms=16
level=info msg=pass.timing pass=persist_hashes files=2
level=info msg=pipeline.done nodes=0 edges=42 elapsed_ms=1310
PASS
  pipeline_imports_multi_symbol_edges                    level=info msg=pipeline.discover files=2 elapsed_ms=1
level=info msg=pipeline.route path=full
level=info msg=pass.start pass=structure files=2
level=info msg=pass.done pass=structure nodes=4 edges=3
level=info msg=pass.timing pass=structure elapsed_ms=0
level=info msg=pipeline.mode mode=sequential files=2
level=info msg=pkgmap.scan_repo manifests=0
level=info msg=pkgmap.scan manifests_from_files=0 manifests_from_walk=0 entries=0
level=info msg=pass.start pass=definitions files=2
level=info msg=pass.done pass=definitions defs=5 calls=2 imports=4 errors=0
level=info msg=pass.timing pass=definitions elapsed_ms=4
level=info msg=pass.start pass=k8s files=2
level=info msg=pass.done pass=k8s kustomize=0 manifests=0
level=info msg=pass.timing pass=k8s elapsed_ms=0
level=info msg=pass.start pass=lsp_cross files=2
level=info msg=pass.done pass=lsp_cross files_processed=2 files_skipped_no_lsp=0 files_skipped_no_source=0 defs_total=3 lsp_calls=2
level=info msg=pass.timing pass=lsp_cross elapsed_ms=4
level=info msg=pass.start pass=calls files=2
level=info msg=pass.done pass=calls total=2 resolved=2 unresolved=0 errors=0
level=info msg=pass.timing pass=calls elapsed_ms=0
level=info msg=pass.start pass=usages files=2
level=info msg=pass.done pass=usages usage=0 throws=0 rw=0 errors=0
level=info msg=pass.timing pass=usages elapsed_ms=0
level=info msg=pass.start pass=semantic files=2
level=info msg=pass.done pass=semantic inherits=0 decorates=0 implements=0 overrides=0 errors=0
level=info msg=pass.timing pass=semantic elapsed_ms=0
level=info msg=pass.start pass=tests
level=info msg=pass.done pass=tests tests=0 tests_file=0
level=info msg=pass.timing pass=tests elapsed_ms=0
level=info msg=pass.timing pass=githistory_compute elapsed_ms=33
level=info msg=pass.done pass=githistory commits=0 edges=0
level=info msg=pass.timing pass=decorator_tags elapsed_ms=0
level=info msg=configlinker.skip reason=no_config_files
level=info msg=pass.timing pass=configlink elapsed_ms=0
level=info msg=pass.timing pass=route_match elapsed_ms=0
level=info msg=pass.start pass=similarity
level=info msg=pass.similarity.collected nodes_with_fp=0
level=info msg=pass.done pass=similarity edges=0
level=info msg=pass.timing pass=similarity elapsed_ms=0
level=info msg=pass.start pass=semantic_edges
level=info msg=pass.semantic.collected functions=3
level=info msg=pass.semantic.token_vectors count=16
level=info msg=pass.semantic.vectors_stored count=3
level=info msg=pass.semantic.lsh_built functions=3 bands=16
level=info msg=pass.done pass=semantic_edges edges=0
level=info msg=pass.timing pass=semantic_edges elapsed_ms=1256
level=info msg=pass.complexity functions=3
level=info msg=pass.timing pass=complexity elapsed_ms=0
level=info msg=gbuf.dump nodes=9 edges=14
level=info msg=pass.timing pass=dump elapsed_ms=9
level=info msg=pass.timing pass=persist_hashes files=2
level=info msg=pipeline.done nodes=0 edges=14 elapsed_ms=1347
PASS
  pipeline_aliased_named_import_links_exported_function  level=info msg=pipeline.discover files=2 elapsed_ms=1
level=info msg=pipeline.route path=full
level=info msg=pass.start pass=structure files=2
level=info msg=pass.done pass=structure nodes=4 edges=3
level=info msg=pass.timing pass=structure elapsed_ms=0
level=info msg=pipeline.mode mode=sequential files=2
level=info msg=pkgmap.scan_repo manifests=0
level=info msg=pkgmap.scan manifests_from_files=0 manifests_from_walk=0 entries=0
level=info msg=pass.start pass=definitions files=2
level=info msg=pass.done pass=definitions defs=4 calls=1 imports=2 errors=0
level=info msg=pass.timing pass=definitions elapsed_ms=3
level=info msg=pass.start pass=k8s files=2
level=info msg=pass.done pass=k8s kustomize=0 manifests=0
level=info msg=pass.timing pass=k8s elapsed_ms=0
level=info msg=pass.start pass=lsp_cross files=2
level=info msg=pass.done pass=lsp_cross files_processed=2 files_skipped_no_lsp=0 files_skipped_no_source=0 defs_total=2 lsp_calls=2
level=info msg=pass.timing pass=lsp_cross elapsed_ms=4
level=info msg=pass.start pass=calls files=2
level=info msg=pass.done pass=calls total=1 resolved=1 unresolved=0 errors=0
level=info msg=pass.timing pass=calls elapsed_ms=0
level=info msg=pass.start pass=usages files=2
level=info msg=pass.done pass=usages usage=0 throws=0 rw=0 errors=0
level=info msg=pass.timing pass=usages elapsed_ms=0
level=info msg=pass.start pass=semantic files=2
level=info msg=pass.done pass=semantic inherits=0 decorates=0 implements=0 overrides=0 errors=0
level=info msg=pass.timing pass=semantic elapsed_ms=0
level=info msg=pass.start pass=tests
level=info msg=pass.done pass=tests tests=0 tests_file=0
level=info msg=pass.timing pass=tests elapsed_ms=0
level=info msg=pass.timing pass=githistory_compute elapsed_ms=30
level=info msg=pass.done pass=githistory commits=0 edges=0
level=info msg=pass.timing pass=decorator_tags elapsed_ms=0
level=info msg=configlinker.skip reason=no_config_files
level=info msg=pass.timing pass=configlink elapsed_ms=0
level=info msg=pass.timing pass=route_match elapsed_ms=0
level=info msg=pass.start pass=similarity
level=info msg=pass.similarity.collected nodes_with_fp=0
level=info msg=pass.done pass=similarity edges=0
level=info msg=pass.timing pass=similarity elapsed_ms=0
level=info msg=pass.start pass=semantic_edges
level=info msg=pass.semantic.collected functions=2
level=info msg=pass.semantic.token_vectors count=17
level=info msg=pass.semantic.vectors_stored count=2
level=info msg=pass.semantic.lsh_built functions=2 bands=16
level=info msg=pass.done pass=semantic_edges edges=0
level=info msg=pass.timing pass=semantic_edges elapsed_ms=1256
level=info msg=pass.complexity functions=2
level=info msg=pass.timing pass=complexity elapsed_ms=0
level=info msg=gbuf.dump nodes=8 edges=10
level=info msg=pass.timing pass=dump elapsed_ms=14
level=info msg=pass.timing pass=persist_hashes files=2
level=info msg=pipeline.done nodes=0 edges=10 elapsed_ms=1355
PASS
  pipeline_go_cross_package_call                         level=info msg=pipeline.discover files=2 elapsed_ms=1
level=info msg=pipeline.route path=full
level=info msg=pass.start pass=structure files=2
level=info msg=pass.done pass=structure nodes=5 edges=4
level=info msg=pass.timing pass=structure elapsed_ms=0
level=info msg=pipeline.mode mode=sequential files=2
level=info msg=pkgmap.scan_repo manifests=0
level=info msg=pkgmap.scan manifests_from_files=0 manifests_from_walk=0 entries=0
level=info msg=pass.start pass=definitions files=2
level=info msg=pass.done pass=definitions defs=4 calls=1 imports=0 errors=0
level=info msg=pass.timing pass=definitions elapsed_ms=2
level=info msg=pass.start pass=k8s files=2
level=info msg=pass.done pass=k8s kustomize=0 manifests=0
level=info msg=pass.timing pass=k8s elapsed_ms=0
level=info msg=pass.start pass=lsp_cross files=2
level=info msg=pass.done pass=lsp_cross files_processed=2 files_skipped_no_lsp=0 files_skipped_no_source=0 defs_total=2 lsp_calls=2
level=info msg=pass.timing pass=lsp_cross elapsed_ms=4
level=info msg=pass.start pass=calls files=2
level=info msg=pass.done pass=calls total=1 resolved=1 unresolved=0 errors=0
level=info msg=pass.timing pass=calls elapsed_ms=0
level=info msg=pass.start pass=usages files=2
level=info msg=pass.done pass=usages usage=0 throws=0 rw=0 errors=0
level=info msg=pass.timing pass=usages elapsed_ms=0
level=info msg=pass.start pass=semantic files=2
level=info msg=pass.done pass=semantic inherits=0 decorates=0 implements=0 overrides=0 errors=0
level=info msg=pass.timing pass=semantic elapsed_ms=0
level=info msg=pass.start pass=tests
level=info msg=pass.done pass=tests tests=0 tests_file=0
level=info msg=pass.timing pass=tests elapsed_ms=0
level=info msg=pass.timing pass=githistory_compute elapsed_ms=33
level=info msg=pass.done pass=githistory commits=0 edges=0
level=info msg=pass.timing pass=decorator_tags elapsed_ms=0
level=info msg=configlinker.skip reason=no_config_files
level=info msg=pass.timing pass=configlink elapsed_ms=0
level=info msg=pass.timing pass=route_match elapsed_ms=0
level=info msg=pass.start pass=similarity
level=info msg=pass.similarity.collected nodes_with_fp=0
level=info msg=pass.done pass=similarity edges=0
level=info msg=pass.timing pass=similarity elapsed_ms=0
level=info msg=pass.start pass=semantic_edges
level=info msg=pass.semantic.collected functions=2
level=info msg=pass.semantic.token_vectors count=18
level=info msg=pass.semantic.vectors_stored count=2
level=info msg=pass.semantic.lsh_built functions=2 bands=16
level=info msg=pass.done pass=semantic_edges edges=0
level=info msg=pass.timing pass=semantic_edges elapsed_ms=1212
level=info msg=pass.complexity functions=2
level=info msg=pass.timing pass=complexity elapsed_ms=0
level=info msg=gbuf.dump nodes=7 edges=9
level=info msg=pass.timing pass=dump elapsed_ms=8
level=info msg=pass.timing pass=persist_hashes files=2
level=info msg=pipeline.done nodes=0 edges=9 elapsed_ms=1300
PASS
  pipeline_python_cross_module_call                      level=info msg=pipeline.discover files=2 elapsed_ms=1
level=info msg=pipeline.route path=full
level=info msg=pass.start pass=structure files=2
level=info msg=pass.done pass=structure nodes=4 edges=3
level=info msg=pass.timing pass=structure elapsed_ms=0
level=info msg=pipeline.mode mode=sequential files=2
level=info msg=pkgmap.scan_repo manifests=0
level=info msg=pkgmap.scan manifests_from_files=0 manifests_from_walk=0 entries=0
level=info msg=pass.start pass=definitions files=2
level=info msg=pass.done pass=definitions defs=28 calls=1 imports=1 errors=0
level=info msg=pass.timing pass=definitions elapsed_ms=3
level=info msg=pass.start pass=k8s files=2
level=info msg=pass.done pass=k8s kustomize=0 manifests=0
level=info msg=pass.timing pass=k8s elapsed_ms=0
level=info msg=pass.start pass=lsp_cross files=2
level=info msg=pass.done pass=lsp_cross files_processed=2 files_skipped_no_lsp=0 files_skipped_no_source=0 defs_total=26 lsp_calls=2
level=info msg=pass.timing pass=lsp_cross elapsed_ms=4
level=info msg=pass.start pass=calls files=2
level=info msg=pass.done pass=calls total=1 resolved=1 unresolved=0 errors=0
level=info msg=pass.timing pass=calls elapsed_ms=0
level=info msg=pass.start pass=usages files=2
level=info msg=pass.done pass=usages usage=1 throws=0 rw=0 errors=0
level=info msg=pass.timing pass=usages elapsed_ms=0
level=info msg=pass.start pass=semantic files=2
level=info msg=pass.done pass=semantic inherits=0 decorates=0 implements=0 overrides=0 errors=0
level=info msg=pass.timing pass=semantic elapsed_ms=0
level=info msg=pass.start pass=tests
level=info msg=pass.done pass=tests tests=0 tests_file=0
level=info msg=pass.timing pass=tests elapsed_ms=0
level=info msg=pass.timing pass=githistory_compute elapsed_ms=31
level=info msg=pass.done pass=githistory commits=0 edges=0
level=info msg=pass.timing pass=decorator_tags elapsed_ms=0
level=info msg=configlinker.skip reason=no_config_files
level=info msg=pass.timing pass=configlink elapsed_ms=0
level=info msg=pass.timing pass=route_match elapsed_ms=0
level=info msg=pass.start pass=similarity
level=info msg=pass.similarity.collected nodes_with_fp=0
level=info msg=pass.done pass=similarity edges=0
level=info msg=pass.timing pass=similarity elapsed_ms=0
level=info msg=pass.start pass=semantic_edges
level=info msg=pass.semantic.collected functions=9
level=info msg=pass.semantic.token_vectors count=31
level=info msg=pass.semantic.vectors_stored count=9
level=info msg=pass.semantic.lsh_built functions=9 bands=16
level=info msg=pass.done pass=semantic_edges edges=0
level=info msg=pass.timing pass=semantic_edges elapsed_ms=1191
level=info msg=pass.complexity functions=9
level=info msg=pass.timing pass=complexity elapsed_ms=0
level=info msg=gbuf.dump nodes=20 edges=34
level=info msg=pass.timing pass=dump elapsed_ms=18
level=info msg=pass.timing pass=persist_hashes files=2
level=info msg=pipeline.done nodes=0 edges=34 elapsed_ms=1294
PASS
  pipeline_go_type_classification                        level=info msg=pipeline.discover files=1 elapsed_ms=1
level=info msg=pipeline.route path=full
level=info msg=pass.start pass=structure files=1
level=info msg=pass.done pass=structure nodes=3 edges=2
level=info msg=pass.timing pass=structure elapsed_ms=0
level=info msg=pipeline.mode mode=sequential files=1
level=info msg=pkgmap.scan_repo manifests=0
level=info msg=pkgmap.scan manifests_from_files=0 manifests_from_walk=0 entries=0
level=info msg=pass.start pass=definitions files=1
level=info msg=pass.done pass=definitions defs=9 calls=0 imports=0 errors=0
level=info msg=pass.timing pass=definitions elapsed_ms=3
level=info msg=pass.start pass=k8s files=1
level=info msg=pass.done pass=k8s kustomize=0 manifests=0
level=info msg=pass.timing pass=k8s elapsed_ms=0
level=info msg=pass.start pass=lsp_cross files=1
level=info msg=pass.done pass=lsp_cross files_processed=1 files_skipped_no_lsp=0 files_skipped_no_source=0 defs_total=8 lsp_calls=1
level=info msg=pass.timing pass=lsp_cross elapsed_ms=4
level=info msg=pass.start pass=calls files=1
level=info msg=pass.done pass=calls total=0 resolved=0 unresolved=0 errors=0
level=info msg=pass.timing pass=calls elapsed_ms=0
level=info msg=pass.start pass=usages files=1
level=info msg=pass.done pass=usages usage=0 throws=0 rw=0 errors=0
level=info msg=pass.timing pass=usages elapsed_ms=0
level=info msg=pass.start pass=semantic files=1
level=info msg=pass.done pass=semantic inherits=0 decorates=0 implements=0 overrides=0 errors=0
level=info msg=pass.timing pass=semantic elapsed_ms=0
level=info msg=pass.start pass=tests
level=info msg=pass.done pass=tests tests=0 tests_file=0
level=info msg=pass.timing pass=tests elapsed_ms=0
level=info msg=pass.timing pass=githistory_compute elapsed_ms=35
level=info msg=pass.done pass=githistory commits=0 edges=0
level=info msg=pass.timing pass=decorator_tags elapsed_ms=0
level=info msg=configlinker.skip reason=no_config_files
level=info msg=pass.timing pass=configlink elapsed_ms=0
level=info msg=pass.timing pass=route_match elapsed_ms=0
level=info msg=pass.start pass=similarity
level=info msg=pass.similarity.collected nodes_with_fp=0
level=info msg=pass.done pass=similarity edges=0
level=info msg=pass.timing pass=similarity elapsed_ms=0
level=info msg=pass.start pass=semantic_edges
level=info msg=pass.semantic.collected functions=4
level=info msg=pass.semantic.token_vectors count=20
level=info msg=pass.semantic.vectors_stored count=4
level=info msg=pass.semantic.lsh_built functions=4 bands=16
level=info msg=pass.done pass=semantic_edges edges=0
level=info msg=pass.timing pass=semantic_edges elapsed_ms=1188
level=info msg=pass.complexity functions=4
level=info msg=pass.timing pass=complexity elapsed_ms=0
level=info msg=gbuf.dump nodes=11 edges=13
level=info msg=pass.timing pass=dump elapsed_ms=14
level=info msg=pass.timing pass=persist_hashes files=1
level=info msg=pipeline.done nodes=0 edges=13 elapsed_ms=1283
PASS
  pipeline_go_grouped_types                              level=info msg=pipeline.discover files=1 elapsed_ms=1
level=info msg=pipeline.route path=full
level=info msg=pass.start pass=structure files=1
level=info msg=pass.done pass=structure nodes=3 edges=2
level=info msg=pass.timing pass=structure elapsed_ms=0
level=info msg=pipeline.mode mode=sequential files=1
level=info msg=pkgmap.scan_repo manifests=0
level=info msg=pkgmap.scan manifests_from_files=0 manifests_from_walk=0 entries=0
level=info msg=pass.start pass=definitions files=1
level=info msg=pass.done pass=definitions defs=6 calls=0 imports=0 errors=0
level=info msg=pass.timing pass=definitions elapsed_ms=2
level=info msg=pass.start pass=k8s files=1
level=info msg=pass.done pass=k8s kustomize=0 manifests=0
level=info msg=pass.timing pass=k8s elapsed_ms=0
level=info msg=pass.start pass=lsp_cross files=1
level=info msg=pass.done pass=lsp_cross files_processed=1 files_skipped_no_lsp=0 files_skipped_no_source=0 defs_total=5 lsp_calls=1
level=info msg=pass.timing pass=lsp_cross elapsed_ms=4
level=info msg=pass.start pass=calls files=1
level=info msg=pass.done pass=calls total=0 resolved=0 unresolved=0 errors=0
level=info msg=pass.timing pass=calls elapsed_ms=0
level=info msg=pass.start pass=usages files=1
level=info msg=pass.done pass=usages usage=2 throws=0 rw=0 errors=0
level=info msg=pass.timing pass=usages elapsed_ms=0
level=info msg=pass.start pass=semantic files=1
level=info msg=pass.done pass=semantic inherits=0 decorates=0 implements=0 overrides=0 errors=0
level=info msg=pass.timing pass=semantic elapsed_ms=0
level=info msg=pass.start pass=tests
level=info msg=pass.done pass=tests tests=0 tests_file=0
level=info msg=pass.timing pass=tests elapsed_ms=0
level=info msg=pass.timing pass=githistory_compute elapsed_ms=30
level=info msg=pass.done pass=githistory commits=0 edges=0
level=info msg=pass.timing pass=decorator_tags elapsed_ms=0
level=info msg=configlinker.skip reason=no_config_files
level=info msg=pass.timing pass=configlink elapsed_ms=0
level=info msg=pass.timing pass=route_match elapsed_ms=0
level=info msg=pass.start pass=similarity
level=info msg=pass.similarity.collected nodes_with_fp=0
level=info msg=pass.done pass=similarity edges=0
level=info msg=pass.timing pass=similarity elapsed_ms=0
level=info msg=pass.start pass=semantic_edges
level=info msg=pass.semantic.collected functions=2
level=info msg=pass.semantic.token_vectors count=14
level=info msg=pass.semantic.vectors_stored count=2
level=info msg=pass.semantic.lsh_built functions=2 bands=16
level=info msg=pass.done pass=semantic_edges edges=0
level=info msg=pass.timing pass=semantic_edges elapsed_ms=1219
level=info msg=pass.complexity functions=2
level=info msg=pass.timing pass=complexity elapsed_ms=0
level=info msg=gbuf.dump nodes=8 edges=11
level=info msg=pass.timing pass=dump elapsed_ms=13
level=info msg=pass.timing pass=persist_hashes files=1
level=info msg=pipeline.done nodes=0 edges=11 elapsed_ms=1308
PASS
  pipeline_kotlin_project                                level=info msg=pipeline.discover files=2 elapsed_ms=1
level=info msg=pipeline.route path=full
level=info msg=pass.start pass=structure files=2
level=info msg=pass.done pass=structure nodes=4 edges=3
level=info msg=pass.timing pass=structure elapsed_ms=0
level=info msg=pipeline.mode mode=sequential files=2
level=info msg=pkgmap.scan_repo manifests=0
level=info msg=pkgmap.scan manifests_from_files=0 manifests_from_walk=0 entries=0
level=info msg=pass.start pass=definitions files=2
level=info msg=pass.done pass=definitions defs=17 calls=3 imports=0 errors=0
level=info msg=pass.timing pass=definitions elapsed_ms=2
level=info msg=pass.start pass=k8s files=2
level=info msg=pass.done pass=k8s kustomize=0 manifests=0
level=info msg=pass.timing pass=k8s elapsed_ms=0
level=info msg=pass.start pass=lsp_cross files=2
level=info msg=pass.done pass=lsp_cross files_processed=2 files_skipped_no_lsp=0 files_skipped_no_source=0 defs_total=14 lsp_calls=2
level=info msg=pass.timing pass=lsp_cross elapsed_ms=4
level=info msg=pass.start pass=calls files=2
level=info msg=pass.done pass=calls total=3 resolved=2 unresolved=1 errors=0
level=info msg=pass.timing pass=calls elapsed_ms=0
level=info msg=pass.start pass=usages files=2
level=info msg=pass.done pass=usages usage=3 throws=0 rw=0 errors=0
level=info msg=pass.timing pass=usages elapsed_ms=0
level=info msg=pass.start pass=semantic files=2
level=info msg=pass.done pass=semantic inherits=0 decorates=0 implements=0 overrides=0 errors=0
level=info msg=pass.timing pass=semantic elapsed_ms=0
level=info msg=pass.start pass=tests
level=info msg=pass.done pass=tests tests=0 tests_file=0
level=info msg=pass.timing pass=tests elapsed_ms=0
level=info msg=pass.timing pass=githistory_compute elapsed_ms=33
level=info msg=pass.done pass=githistory commits=0 edges=0
level=info msg=pass.timing pass=decorator_tags elapsed_ms=0
level=info msg=configlinker.skip reason=no_config_files
level=info msg=pass.timing pass=configlink elapsed_ms=0
level=info msg=pass.timing pass=route_match elapsed_ms=0
level=info msg=pass.start pass=similarity
level=info msg=pass.similarity.collected nodes_with_fp=0
level=info msg=pass.done pass=similarity edges=0
level=info msg=pass.timing pass=similarity elapsed_ms=0
level=info msg=pass.start pass=semantic_edges
level=info msg=pass.semantic.collected functions=7
level=info msg=pass.semantic.token_vectors count=23
level=info msg=pass.semantic.vectors_stored count=7
level=info msg=pass.semantic.lsh_built functions=7 bands=16
level=info msg=pass.done pass=semantic_edges edges=0
level=info msg=pass.timing pass=semantic_edges elapsed_ms=1224
level=info msg=pass.complexity functions=7
level=info msg=pass.timing pass=complexity elapsed_ms=0
level=info msg=gbuf.dump nodes=17 edges=27
level=info msg=pass.timing pass=dump elapsed_ms=13
level=info msg=pass.timing pass=persist_hashes files=2
level=info msg=pipeline.done nodes=0 edges=27 elapsed_ms=1320
PASS
  pipeline_lua_anonymous_functions                       level=info msg=pipeline.discover files=1 elapsed_ms=1
level=info msg=pipeline.route path=full
level=info msg=pass.start pass=structure files=1
level=info msg=pass.done pass=structure nodes=3 edges=2
level=info msg=pass.timing pass=structure elapsed_ms=0
level=info msg=pipeline.mode mode=sequential files=1
level=info msg=pkgmap.scan_repo manifests=0
level=info msg=pkgmap.scan manifests_from_files=0 manifests_from_walk=0 entries=0
level=info msg=pass.start pass=definitions files=1
level=info msg=pass.done pass=definitions defs=4 calls=1 imports=0 errors=0
level=info msg=pass.timing pass=definitions elapsed_ms=1
level=info msg=pass.start pass=k8s files=1
level=info msg=pass.done pass=k8s kustomize=0 manifests=0
level=info msg=pass.timing pass=k8s elapsed_ms=0
level=info msg=pass.start pass=lsp_cross files=1
level=info msg=pass.done pass=lsp_cross files_processed=0 files_skipped_no_lsp=1 files_skipped_no_source=0 defs_total=3 lsp_calls=0
level=info msg=pass.timing pass=lsp_cross elapsed_ms=3
level=info msg=pass.start pass=calls files=1
level=info msg=pass.done pass=calls total=1 resolved=0 unresolved=1 errors=0
level=info msg=pass.timing pass=calls elapsed_ms=0
level=info msg=pass.start pass=usages files=1
level=info msg=pass.done pass=usages usage=0 throws=0 rw=0 errors=0
level=info msg=pass.timing pass=usages elapsed_ms=0
level=info msg=pass.start pass=semantic files=1
level=info msg=pass.done pass=semantic inherits=0 decorates=0 implements=0 overrides=0 errors=0
level=info msg=pass.timing pass=semantic elapsed_ms=0
level=info msg=pass.start pass=tests
level=info msg=pass.done pass=tests tests=0 tests_file=0
level=info msg=pass.timing pass=tests elapsed_ms=0
level=info msg=pass.timing pass=githistory_compute elapsed_ms=31
level=info msg=pass.done pass=githistory commits=0 edges=0
level=info msg=pass.timing pass=decorator_tags elapsed_ms=0
level=info msg=configlinker.skip reason=no_config_files
level=info msg=pass.timing pass=configlink elapsed_ms=0
level=info msg=pass.timing pass=route_match elapsed_ms=0
level=info msg=pass.start pass=similarity
level=info msg=pass.similarity.collected nodes_with_fp=0
level=info msg=pass.done pass=similarity edges=0
level=info msg=pass.timing pass=similarity elapsed_ms=0
level=info msg=pass.start pass=semantic_edges
level=info msg=pass.semantic.collected functions=3
level=info msg=pass.semantic.token_vectors count=20
level=info msg=pass.semantic.vectors_stored count=3
level=info msg=pass.semantic.lsh_built functions=3 bands=16
level=info msg=pass.done pass=semantic_edges edges=0
level=info msg=pass.timing pass=semantic_edges elapsed_ms=1231
level=info msg=pass.complexity functions=3
level=info msg=pass.timing pass=complexity elapsed_ms=0
level=info msg=gbuf.dump nodes=7 edges=6
level=info msg=pass.timing pass=dump elapsed_ms=15
level=info msg=pass.timing pass=persist_hashes files=1
level=info msg=pipeline.done nodes=0 edges=6 elapsed_ms=1332
PASS
  pipeline_csharp_modern                                 level=info msg=pipeline.discover files=2 elapsed_ms=6
level=info msg=pipeline.route path=full
level=info msg=pass.start pass=structure files=2
level=info msg=pass.done pass=structure nodes=4 edges=3
level=info msg=pass.timing pass=structure elapsed_ms=0
level=info msg=pipeline.mode mode=sequential files=2
level=info msg=pkgmap.scan_repo manifests=0
level=info msg=pkgmap.scan manifests_from_files=0 manifests_from_walk=0 entries=0
level=info msg=pass.start pass=definitions files=2
level=info msg=pass.done pass=definitions defs=8 calls=0 imports=0 errors=0
level=info msg=pass.timing pass=definitions elapsed_ms=4
level=info msg=pass.start pass=k8s files=2
level=info msg=pass.done pass=k8s kustomize=0 manifests=0
level=info msg=pass.timing pass=k8s elapsed_ms=0
level=info msg=pass.start pass=lsp_cross files=2
level=info msg=pass.done pass=lsp_cross files_processed=2 files_skipped_no_lsp=0 files_skipped_no_source=0 defs_total=5 lsp_calls=2
level=info msg=pass.timing pass=lsp_cross elapsed_ms=5
level=info msg=pass.start pass=calls files=2
level=info msg=pass.done pass=calls total=0 resolved=0 unresolved=0 errors=0
level=info msg=pass.timing pass=calls elapsed_ms=0
level=info msg=pass.start pass=usages files=2
level=info msg=pass.done pass=usages usage=0 throws=0 rw=0 errors=0
level=info msg=pass.timing pass=usages elapsed_ms=0
level=info msg=pass.start pass=semantic files=2
level=info msg=pass.done pass=semantic inherits=0 decorates=0 implements=0 overrides=0 errors=0
level=info msg=pass.timing pass=semantic elapsed_ms=0
level=info msg=pass.start pass=tests
level=info msg=pass.done pass=tests tests=0 tests_file=0
level=info msg=pass.timing pass=tests elapsed_ms=0
level=info msg=pass.timing pass=githistory_compute elapsed_ms=41
level=info msg=pass.done pass=githistory commits=0 edges=0
level=info msg=pass.timing pass=decorator_tags elapsed_ms=0
level=info msg=configlinker.skip reason=no_config_files
level=info msg=pass.timing pass=configlink elapsed_ms=0
level=info msg=pass.timing pass=route_match elapsed_ms=0
level=info msg=pass.start pass=similarity
level=info msg=pass.similarity.collected nodes_with_fp=0
level=info msg=pass.done pass=similarity edges=0
level=info msg=pass.timing pass=similarity elapsed_ms=0
level=info msg=pass.start pass=semantic_edges
level=info msg=pass.semantic.collected functions=3
level=info msg=pass.semantic.token_vectors count=17
level=info msg=pass.semantic.vectors_stored count=3
level=info msg=pass.semantic.lsh_built functions=3 bands=16
level=info msg=pass.done pass=semantic_edges edges=0
level=info msg=pass.timing pass=semantic_edges elapsed_ms=1191
level=info msg=pass.complexity functions=3
level=info msg=pass.timing pass=complexity elapsed_ms=0
level=info msg=gbuf.dump nodes=12 edges=14
level=info msg=pass.timing pass=dump elapsed_ms=9
level=info msg=pass.timing pass=persist_hashes files=2
level=info msg=pipeline.done nodes=0 edges=14 elapsed_ms=1297
PASS
  pipeline_bom_stripping                                 level=info msg=pipeline.discover files=1 elapsed_ms=3
level=info msg=pipeline.route path=full
level=info msg=pass.start pass=structure files=1
level=info msg=pass.done pass=structure nodes=3 edges=2
level=info msg=pass.timing pass=structure elapsed_ms=0
level=info msg=pipeline.mode mode=sequential files=1
level=info msg=pkgmap.scan_repo manifests=0
level=info msg=pkgmap.scan manifests_from_files=0 manifests_from_walk=0 entries=0
level=info msg=pass.start pass=definitions files=1
level=info msg=pass.done pass=definitions defs=2 calls=0 imports=0 errors=0
level=info msg=pass.timing pass=definitions elapsed_ms=1
level=info msg=pass.start pass=k8s files=1
level=info msg=pass.done pass=k8s kustomize=0 manifests=0
level=info msg=pass.timing pass=k8s elapsed_ms=0
level=info msg=pass.start pass=lsp_cross files=1
level=info msg=pass.done pass=lsp_cross files_processed=1 files_skipped_no_lsp=0 files_skipped_no_source=0 defs_total=1 lsp_calls=1
level=info msg=pass.timing pass=lsp_cross elapsed_ms=4
level=info msg=pass.start pass=calls files=1
level=info msg=pass.done pass=calls total=0 resolved=0 unresolved=0 errors=0
level=info msg=pass.timing pass=calls elapsed_ms=0
level=info msg=pass.start pass=usages files=1
level=info msg=pass.done pass=usages usage=0 throws=0 rw=0 errors=0
level=info msg=pass.timing pass=usages elapsed_ms=0
level=info msg=pass.start pass=semantic files=1
level=info msg=pass.done pass=semantic inherits=0 decorates=0 implements=0 overrides=0 errors=0
level=info msg=pass.timing pass=semantic elapsed_ms=0
level=info msg=pass.start pass=tests
level=info msg=pass.done pass=tests tests=0 tests_file=0
level=info msg=pass.timing pass=tests elapsed_ms=0
level=info msg=pass.timing pass=githistory_compute elapsed_ms=34
level=info msg=pass.done pass=githistory commits=0 edges=0
level=info msg=pass.timing pass=decorator_tags elapsed_ms=0
level=info msg=configlinker.skip reason=no_config_files
level=info msg=pass.timing pass=configlink elapsed_ms=0
level=info msg=pass.timing pass=route_match elapsed_ms=0
level=info msg=pass.start pass=similarity
level=info msg=pass.similarity.collected nodes_with_fp=0
level=info msg=pass.done pass=similarity edges=0
level=info msg=pass.timing pass=similarity elapsed_ms=0
level=info msg=pass.start pass=semantic_edges
level=info msg=pass.semantic.collected functions=1
level=info msg=pass.done pass=semantic_edges edges=0
level=info msg=pass.timing pass=semantic_edges elapsed_ms=5
level=info msg=pass.complexity functions=1
level=info msg=pass.timing pass=complexity elapsed_ms=0
level=info msg=gbuf.dump nodes=4 edges=4
level=info msg=pass.timing pass=dump elapsed_ms=8
level=info msg=pass.timing pass=persist_hashes files=1
level=info msg=pipeline.done nodes=0 edges=4 elapsed_ms=100
PASS
  pipeline_form_call_resolution                          level=info msg=pipeline.discover files=1 elapsed_ms=3
level=info msg=pipeline.route path=full
level=info msg=pass.start pass=structure files=1
level=info msg=pass.done pass=structure nodes=3 edges=2
level=info msg=pass.timing pass=structure elapsed_ms=0
level=info msg=pipeline.mode mode=sequential files=1
level=info msg=pkgmap.scan_repo manifests=0
level=info msg=pkgmap.scan manifests_from_files=0 manifests_from_walk=0 entries=0
level=info msg=pass.start pass=definitions files=1
level=info msg=pass.done pass=definitions defs=3 calls=1 imports=0 errors=0
level=info msg=pass.timing pass=definitions elapsed_ms=1
level=info msg=pass.start pass=k8s files=1
level=info msg=pass.done pass=k8s kustomize=0 manifests=0
level=info msg=pass.timing pass=k8s elapsed_ms=0
level=info msg=pass.start pass=lsp_cross files=1
level=info msg=pass.done pass=lsp_cross files_processed=0 files_skipped_no_lsp=1 files_skipped_no_source=0 defs_total=2 lsp_calls=0
level=info msg=pass.timing pass=lsp_cross elapsed_ms=3
level=info msg=pass.start pass=calls files=1
level=info msg=pass.done pass=calls total=1 resolved=1 unresolved=0 errors=0
level=info msg=pass.timing pass=calls elapsed_ms=0
level=info msg=pass.start pass=usages files=1
level=info msg=pass.done pass=usages usage=0 throws=0 rw=0 errors=0
level=info msg=pass.timing pass=usages elapsed_ms=0
level=info msg=pass.start pass=semantic files=1
level=info msg=pass.done pass=semantic inherits=0 decorates=0 implements=0 overrides=0 errors=0
level=info msg=pass.timing pass=semantic elapsed_ms=0
level=info msg=pass.start pass=tests
level=info msg=pass.done pass=tests tests=0 tests_file=0
level=info msg=pass.timing pass=tests elapsed_ms=0
level=info msg=pass.timing pass=githistory_compute elapsed_ms=33
level=info msg=pass.done pass=githistory commits=0 edges=0
level=info msg=pass.timing pass=decorator_tags elapsed_ms=0
level=info msg=configlinker.skip reason=no_config_files
level=info msg=pass.timing pass=configlink elapsed_ms=0
level=info msg=pass.timing pass=route_match elapsed_ms=0
level=info msg=pass.start pass=similarity
level=info msg=pass.similarity.collected nodes_with_fp=0
level=info msg=pass.done pass=similarity edges=0
level=info msg=pass.timing pass=similarity elapsed_ms=0
level=info msg=pass.start pass=semantic_edges
level=info msg=pass.semantic.collected functions=2
level=info msg=pass.semantic.token_vectors count=12
level=info msg=pass.semantic.vectors_stored count=2
level=info msg=pass.semantic.lsh_built functions=2 bands=16
level=info msg=pass.done pass=semantic_edges edges=0
level=info msg=pass.timing pass=semantic_edges elapsed_ms=1225
level=info msg=pass.complexity functions=2
level=info msg=pass.timing pass=complexity elapsed_ms=0
level=info msg=gbuf.dump nodes=6 edges=6
level=info msg=pass.timing pass=dump elapsed_ms=12
level=info msg=pass.timing pass=persist_hashes files=1
level=info msg=pipeline.done nodes=0 edges=6 elapsed_ms=1317
PASS
  pipeline_python_type_inference                         level=info msg=pipeline.discover files=2 elapsed_ms=1
level=info msg=pipeline.route path=full
level=info msg=pass.start pass=structure files=2
level=info msg=pass.done pass=structure nodes=4 edges=3
level=info msg=pass.timing pass=structure elapsed_ms=0
level=info msg=pipeline.mode mode=sequential files=2
level=info msg=pkgmap.scan_repo manifests=0
level=info msg=pkgmap.scan manifests_from_files=0 manifests_from_walk=0 entries=0
level=info msg=pass.start pass=definitions files=2
level=info msg=pass.done pass=definitions defs=30 calls=4 imports=1 errors=0
level=info msg=pass.timing pass=definitions elapsed_ms=5
level=info msg=pass.start pass=k8s files=2
level=info msg=pass.done pass=k8s kustomize=0 manifests=0
level=info msg=pass.timing pass=k8s elapsed_ms=2
level=info msg=pass.start pass=lsp_cross files=2
level=info msg=pass.done pass=lsp_cross files_processed=2 files_skipped_no_lsp=0 files_skipped_no_source=0 defs_total=28 lsp_calls=2
level=info msg=pass.timing pass=lsp_cross elapsed_ms=4
level=info msg=pass.start pass=calls files=2
level=info msg=pass.done pass=calls total=4 resolved=4 unresolved=0 errors=0
level=info msg=pass.timing pass=calls elapsed_ms=0
level=info msg=pass.start pass=usages files=2
level=info msg=pass.done pass=usages usage=1 throws=0 rw=0 errors=0
level=info msg=pass.timing pass=usages elapsed_ms=0
level=info msg=pass.start pass=semantic files=2
level=info msg=pass.done pass=semantic inherits=0 decorates=0 implements=0 overrides=0 errors=0
level=info msg=pass.timing pass=semantic elapsed_ms=0
level=info msg=pass.start pass=tests
level=info msg=pass.done pass=tests tests=0 tests_file=0
level=info msg=pass.timing pass=tests elapsed_ms=0
level=info msg=pass.timing pass=githistory_compute elapsed_ms=30
level=info msg=pass.done pass=githistory commits=0 edges=0
level=info msg=pass.timing pass=decorator_tags elapsed_ms=0
level=info msg=configlinker.skip reason=no_config_files
level=info msg=pass.timing pass=configlink elapsed_ms=0
level=info msg=pass.timing pass=route_match elapsed_ms=0
level=info msg=pass.start pass=similarity
level=info msg=pass.similarity.collected nodes_with_fp=0
level=info msg=pass.done pass=similarity edges=0
level=info msg=pass.timing pass=similarity elapsed_ms=0
level=info msg=pass.start pass=semantic_edges
level=info msg=pass.semantic.collected functions=10
level=info msg=pass.semantic.token_vectors count=33
level=info msg=pass.semantic.vectors_stored count=10
level=info msg=pass.semantic.lsh_built functions=10 bands=16
level=info msg=pass.done pass=semantic_edges edges=0
level=info msg=pass.timing pass=semantic_edges elapsed_ms=1234
level=info msg=pass.complexity functions=10
level=info msg=pass.timing pass=complexity elapsed_ms=0
level=info msg=gbuf.dump nodes=22 edges=41
level=info msg=pass.timing pass=dump elapsed_ms=13
level=info msg=pass.timing pass=persist_hashes files=2
level=info msg=pipeline.done nodes=0 edges=41 elapsed_ms=1332
PASS
  pipeline_docstring_go_function                         level=info msg=pipeline.discover files=1 elapsed_ms=3
level=info msg=pipeline.route path=full
level=info msg=pass.start pass=structure files=1
level=info msg=pass.done pass=structure nodes=3 edges=2
level=info msg=pass.timing pass=structure elapsed_ms=0
level=info msg=pipeline.mode mode=sequential files=1
level=info msg=pkgmap.scan_repo manifests=0
level=info msg=pkgmap.scan manifests_from_files=0 manifests_from_walk=0 entries=0
level=info msg=pass.start pass=definitions files=1
level=info msg=pass.done pass=definitions defs=2 calls=0 imports=0 errors=0
level=info msg=pass.timing pass=definitions elapsed_ms=1
level=info msg=pass.start pass=k8s files=1
level=info msg=pass.done pass=k8s kustomize=0 manifests=0
level=info msg=pass.timing pass=k8s elapsed_ms=0
level=info msg=pass.start pass=lsp_cross files=1
level=info msg=pass.done pass=lsp_cross files_processed=1 files_skipped_no_lsp=0 files_skipped_no_source=0 defs_total=1 lsp_calls=1
level=info msg=pass.timing pass=lsp_cross elapsed_ms=3
level=info msg=pass.start pass=calls files=1
level=info msg=pass.done pass=calls total=0 resolved=0 unresolved=0 errors=0
level=info msg=pass.timing pass=calls elapsed_ms=0
level=info msg=pass.start pass=usages files=1
level=info msg=pass.done pass=usages usage=0 throws=0 rw=0 errors=0
level=info msg=pass.timing pass=usages elapsed_ms=0
level=info msg=pass.start pass=semantic files=1
level=info msg=pass.done pass=semantic inherits=0 decorates=0 implements=0 overrides=0 errors=0
level=info msg=pass.timing pass=semantic elapsed_ms=0
level=info msg=pass.start pass=tests
level=info msg=pass.done pass=tests tests=0 tests_file=0
level=info msg=pass.timing pass=tests elapsed_ms=0
level=info msg=pass.timing pass=githistory_compute elapsed_ms=107
level=info msg=pass.done pass=githistory commits=0 edges=0
level=info msg=pass.timing pass=decorator_tags elapsed_ms=0
level=info msg=configlinker.skip reason=no_config_files
level=info msg=pass.timing pass=configlink elapsed_ms=0
level=info msg=pass.timing pass=route_match elapsed_ms=0
level=info msg=pass.start pass=similarity
level=info msg=pass.similarity.collected nodes_with_fp=0
level=info msg=pass.done pass=similarity edges=0
level=info msg=pass.timing pass=similarity elapsed_ms=0
level=info msg=pass.start pass=semantic_edges
level=info msg=pass.semantic.collected functions=1
level=info msg=pass.done pass=semantic_edges edges=0
level=info msg=pass.timing pass=semantic_edges elapsed_ms=5
level=info msg=pass.complexity functions=1
level=info msg=pass.timing pass=complexity elapsed_ms=0
level=info msg=gbuf.dump nodes=4 edges=4
level=info msg=pass.timing pass=dump elapsed_ms=8
level=info msg=pass.timing pass=persist_hashes files=1
level=info msg=pipeline.done nodes=0 edges=4 elapsed_ms=170
PASS
  pipeline_docstring_python_function                     level=info msg=pipeline.discover files=1 elapsed_ms=2
level=info msg=pipeline.route path=full
level=info msg=pass.start pass=structure files=1
level=info msg=pass.done pass=structure nodes=3 edges=2
level=info msg=pass.timing pass=structure elapsed_ms=0
level=info msg=pipeline.mode mode=sequential files=1
level=info msg=pkgmap.scan_repo manifests=0
level=info msg=pkgmap.scan manifests_from_files=0 manifests_from_walk=0 entries=0
level=info msg=pass.start pass=definitions files=1
level=info msg=pass.done pass=definitions defs=14 calls=0 imports=0 errors=0
level=info msg=pass.timing pass=definitions elapsed_ms=2
level=info msg=pass.start pass=k8s files=1
level=info msg=pass.done pass=k8s kustomize=0 manifests=0
level=info msg=pass.timing pass=k8s elapsed_ms=0
level=info msg=pass.start pass=lsp_cross files=1
level=info msg=pass.done pass=lsp_cross files_processed=1 files_skipped_no_lsp=0 files_skipped_no_source=0 defs_total=13 lsp_calls=1
level=info msg=pass.timing pass=lsp_cross elapsed_ms=4
level=info msg=pass.start pass=calls files=1
level=info msg=pass.done pass=calls total=0 resolved=0 unresolved=0 errors=0
level=info msg=pass.timing pass=calls elapsed_ms=0
level=info msg=pass.start pass=usages files=1
level=info msg=pass.done pass=usages usage=0 throws=0 rw=0 errors=0
level=info msg=pass.timing pass=usages elapsed_ms=0
level=info msg=pass.start pass=semantic files=1
level=info msg=pass.done pass=semantic inherits=0 decorates=0 implements=0 overrides=0 errors=0
level=info msg=pass.timing pass=semantic elapsed_ms=0
level=info msg=pass.start pass=tests
level=info msg=pass.done pass=tests tests=0 tests_file=0
level=info msg=pass.timing pass=tests elapsed_ms=0
level=info msg=pass.timing pass=githistory_compute elapsed_ms=34
level=info msg=pass.done pass=githistory commits=0 edges=0
level=info msg=pass.timing pass=decorator_tags elapsed_ms=0
level=info msg=configlinker.skip reason=no_config_files
level=info msg=pass.timing pass=configlink elapsed_ms=0
level=info msg=pass.timing pass=route_match elapsed_ms=0
level=info msg=pass.start pass=similarity
level=info msg=pass.similarity.collected nodes_with_fp=0
level=info msg=pass.done pass=similarity edges=0
level=info msg=pass.timing pass=similarity elapsed_ms=0
level=info msg=pass.start pass=semantic_edges
level=info msg=pass.semantic.collected functions=8
level=info msg=pass.semantic.token_vectors count=25
level=info msg=pass.semantic.vectors_stored count=8
level=info msg=pass.semantic.lsh_built functions=8 bands=16
level=info msg=pass.done pass=semantic_edges edges=0
level=info msg=pass.timing pass=semantic_edges elapsed_ms=1245
level=info msg=pass.complexity functions=8
level=info msg=pass.timing pass=complexity elapsed_ms=0
level=info msg=gbuf.dump nodes=17 edges=16
level=info msg=pass.timing pass=dump elapsed_ms=12
level=info msg=pass.timing pass=persist_hashes files=1
level=info msg=pipeline.done nodes=0 edges=16 elapsed_ms=1340
PASS
  pipeline_docstring_java_method                         level=info msg=pipeline.discover files=1 elapsed_ms=3
level=info msg=pipeline.route path=full
level=info msg=pass.start pass=structure files=1
level=info msg=pass.done pass=structure nodes=3 edges=2
level=info msg=pass.timing pass=structure elapsed_ms=0
level=info msg=pipeline.mode mode=sequential files=1
level=info msg=pkgmap.scan_repo manifests=0
level=info msg=pkgmap.scan manifests_from_files=0 manifests_from_walk=0 entries=0
level=info msg=pass.start pass=definitions files=1
level=info msg=pass.done pass=definitions defs=3 calls=0 imports=0 errors=0
level=info msg=pass.timing pass=definitions elapsed_ms=1
level=info msg=pass.start pass=k8s files=1
level=info msg=pass.done pass=k8s kustomize=0 manifests=0
level=info msg=pass.timing pass=k8s elapsed_ms=0
level=info msg=pass.start pass=lsp_cross files=1
level=info msg=pass.done pass=lsp_cross files_processed=1 files_skipped_no_lsp=0 files_skipped_no_source=0 defs_total=2 lsp_calls=1
level=info msg=pass.timing pass=lsp_cross elapsed_ms=3
level=info msg=pass.start pass=calls files=1
level=info msg=pass.done pass=calls total=0 resolved=0 unresolved=0 errors=0
level=info msg=pass.timing pass=calls elapsed_ms=0
level=info msg=pass.start pass=usages files=1
level=info msg=pass.done pass=usages usage=0 throws=0 rw=0 errors=0
level=info msg=pass.timing pass=usages elapsed_ms=0
level=info msg=pass.start pass=semantic files=1
level=info msg=pass.done pass=semantic inherits=0 decorates=0 implements=0 overrides=0 errors=0
level=info msg=pass.timing pass=semantic elapsed_ms=0
level=info msg=pass.start pass=tests
level=info msg=pass.done pass=tests tests=0 tests_file=0
level=info msg=pass.timing pass=tests elapsed_ms=0
level=info msg=pass.timing pass=githistory_compute elapsed_ms=237
level=info msg=pass.done pass=githistory commits=0 edges=0
level=info msg=pass.timing pass=decorator_tags elapsed_ms=0
level=info msg=configlinker.skip reason=no_config_files
level=info msg=pass.timing pass=configlink elapsed_ms=0
level=info msg=pass.timing pass=route_match elapsed_ms=0
level=info msg=pass.start pass=similarity
level=info msg=pass.similarity.collected nodes_with_fp=0
level=info msg=pass.done pass=similarity edges=0
level=info msg=pass.timing pass=similarity elapsed_ms=0
level=info msg=pass.start pass=semantic_edges
level=info msg=pass.semantic.collected functions=1
level=info msg=pass.done pass=semantic_edges edges=0
level=info msg=pass.timing pass=semantic_edges elapsed_ms=5
level=info msg=pass.complexity functions=1
level=info msg=pass.timing pass=complexity elapsed_ms=0
level=info msg=gbuf.dump nodes=5 edges=6
level=info msg=pass.timing pass=dump elapsed_ms=9
level=info msg=pass.timing pass=persist_hashes files=1
level=info msg=pipeline.done nodes=0 edges=6 elapsed_ms=300
PASS
  pipeline_docstring_kotlin_function                     level=info msg=pipeline.discover files=1 elapsed_ms=3
level=info msg=pipeline.route path=full
level=info msg=pass.start pass=structure files=1
level=info msg=pass.done pass=structure nodes=3 edges=2
level=info msg=pass.timing pass=structure elapsed_ms=0
level=info msg=pipeline.mode mode=sequential files=1
level=info msg=pkgmap.scan_repo manifests=0
level=info msg=pkgmap.scan manifests_from_files=0 manifests_from_walk=0 entries=0
level=info msg=pass.start pass=definitions files=1
level=info msg=pass.done pass=definitions defs=6 calls=0 imports=0 errors=0
level=info msg=pass.timing pass=definitions elapsed_ms=0
level=info msg=pass.start pass=k8s files=1
level=info msg=pass.done pass=k8s kustomize=0 manifests=0
level=info msg=pass.timing pass=k8s elapsed_ms=0
level=info msg=pass.start pass=lsp_cross files=1
level=info msg=pass.done pass=lsp_cross files_processed=1 files_skipped_no_lsp=0 files_skipped_no_source=0 defs_total=5 lsp_calls=1
level=info msg=pass.timing pass=lsp_cross elapsed_ms=3
level=info msg=pass.start pass=calls files=1
level=info msg=pass.done pass=calls total=0 resolved=0 unresolved=0 errors=0
level=info msg=pass.timing pass=calls elapsed_ms=0
level=info msg=pass.start pass=usages files=1
level=info msg=pass.done pass=usages usage=0 throws=0 rw=0 errors=0
level=info msg=pass.timing pass=usages elapsed_ms=0
level=info msg=pass.start pass=semantic files=1
level=info msg=pass.done pass=semantic inherits=0 decorates=0 implements=0 overrides=0 errors=0
level=info msg=pass.timing pass=semantic elapsed_ms=0
level=info msg=pass.start pass=tests
level=info msg=pass.done pass=tests tests=0 tests_file=0
level=info msg=pass.timing pass=tests elapsed_ms=0
level=info msg=pass.timing pass=githistory_compute elapsed_ms=29
level=info msg=pass.done pass=githistory commits=0 edges=0
level=info msg=pass.timing pass=decorator_tags elapsed_ms=0
level=info msg=configlinker.skip reason=no_config_files
level=info msg=pass.timing pass=configlink elapsed_ms=0
level=info msg=pass.timing pass=route_match elapsed_ms=0
level=info msg=pass.start pass=similarity
level=info msg=pass.similarity.collected nodes_with_fp=0
level=info msg=pass.done pass=similarity edges=0
level=info msg=pass.timing pass=similarity elapsed_ms=0
level=info msg=pass.start pass=semantic_edges
level=info msg=pass.semantic.collected functions=4
level=info msg=pass.semantic.token_vectors count=20
level=info msg=pass.semantic.vectors_stored count=4
level=info msg=pass.semantic.lsh_built functions=4 bands=16
level=info msg=pass.done pass=semantic_edges edges=0
level=info msg=pass.timing pass=semantic_edges elapsed_ms=1145
level=info msg=pass.complexity functions=4
level=info msg=pass.timing pass=complexity elapsed_ms=0
level=info msg=gbuf.dump nodes=9 edges=8
level=info msg=pass.timing pass=dump elapsed_ms=9
level=info msg=pass.timing pass=persist_hashes files=1
level=info msg=pipeline.done nodes=0 edges=8 elapsed_ms=1232
PASS
  pipeline_docstring_go_class                            level=info msg=pipeline.discover files=1 elapsed_ms=4
level=info msg=pipeline.route path=full
level=info msg=pass.start pass=structure files=1
level=info msg=pass.done pass=structure nodes=3 edges=2
level=info msg=pass.timing pass=structure elapsed_ms=0
level=info msg=pipeline.mode mode=sequential files=1
level=info msg=pkgmap.scan_repo manifests=0
level=info msg=pkgmap.scan manifests_from_files=0 manifests_from_walk=0 entries=0
level=info msg=pass.start pass=definitions files=1
level=info msg=pass.done pass=definitions defs=2 calls=0 imports=0 errors=0
level=info msg=pass.timing pass=definitions elapsed_ms=1
level=info msg=pass.start pass=k8s files=1
level=info msg=pass.done pass=k8s kustomize=0 manifests=0
level=info msg=pass.timing pass=k8s elapsed_ms=0
level=info msg=pass.start pass=lsp_cross files=1
level=info msg=pass.done pass=lsp_cross files_processed=1 files_skipped_no_lsp=0 files_skipped_no_source=0 defs_total=1 lsp_calls=1
level=info msg=pass.timing pass=lsp_cross elapsed_ms=2
level=info msg=pass.start pass=calls files=1
level=info msg=pass.done pass=calls total=0 resolved=0 unresolved=0 errors=0
level=info msg=pass.timing pass=calls elapsed_ms=0
level=info msg=pass.start pass=usages files=1
level=info msg=pass.done pass=usages usage=0 throws=0 rw=0 errors=0
level=info msg=pass.timing pass=usages elapsed_ms=0
level=info msg=pass.start pass=semantic files=1
level=info msg=pass.done pass=semantic inherits=0 decorates=0 implements=0 overrides=0 errors=0
level=info msg=pass.timing pass=semantic elapsed_ms=0
level=info msg=pass.start pass=tests
level=info msg=pass.done pass=tests tests=0 tests_file=0
level=info msg=pass.timing pass=tests elapsed_ms=0
level=info msg=pass.timing pass=githistory_compute elapsed_ms=32
level=info msg=pass.done pass=githistory commits=0 edges=0
level=info msg=pass.timing pass=decorator_tags elapsed_ms=0
level=info msg=configlinker.skip reason=no_config_files
level=info msg=pass.timing pass=configlink elapsed_ms=0
level=info msg=pass.timing pass=route_match elapsed_ms=0
level=info msg=pass.start pass=similarity
level=info msg=pass.similarity.collected nodes_with_fp=0
level=info msg=pass.done pass=similarity edges=0
level=info msg=pass.timing pass=similarity elapsed_ms=0
level=info msg=pass.start pass=semantic_edges
level=info msg=pass.semantic.collected functions=0
level=info msg=pass.done pass=semantic_edges edges=0
level=info msg=pass.timing pass=semantic_edges elapsed_ms=0
level=info msg=pass.complexity functions=0
level=info msg=pass.timing pass=complexity elapsed_ms=0
level=info msg=gbuf.dump nodes=4 edges=4
level=info msg=pass.timing pass=dump elapsed_ms=8
level=info msg=pass.timing pass=persist_hashes files=1
level=info msg=pipeline.done nodes=0 edges=4 elapsed_ms=87
PASS
  project_name_from_path                                 PASS
  project_name_drive_letter_case_insensitive_issue394    PASS
  git_context_non_git_path                               PASS
  git_context_linked_worktree                              FAIL tests/test_pipeline.c:3497: git unavailable
  project_name_uniqueness                                PASS
  gitdiff_parse_range_with_count                         PASS
  gitdiff_parse_range_no_count                           PASS
  gitdiff_parse_range_zero_count                         PASS
  gitdiff_parse_range_large                              PASS
  gitdiff_parse_name_status                              PASS
  gitdiff_parse_name_status_filters_untrackable          PASS
  gitdiff_parse_hunks                                    PASS
  gitdiff_parse_hunks_no_newline_marker                  PASS
  gitdiff_parse_hunks_mode_change                        PASS
  gitdiff_parse_hunks_deletion                           PASS
  configures_is_env_var_name                             PASS
  configures_normalize_config_key                        PASS
  configures_has_config_extension                        PASS
  configures_env_var_in_config                           level=info msg=pipeline.discover files=2 elapsed_ms=1
level=info msg=pipeline.route path=full
level=info msg=pass.start pass=structure files=2
level=info msg=pass.done pass=structure nodes=4 edges=3
level=info msg=pass.timing pass=structure elapsed_ms=0
level=info msg=pipeline.mode mode=sequential files=2
level=info msg=pkgmap.scan_repo manifests=0
level=info msg=pkgmap.scan manifests_from_files=0 manifests_from_walk=0 entries=0
level=info msg=pass.start pass=definitions files=2
level=info msg=pass.done pass=definitions defs=4 calls=1 imports=0 errors=0
level=info msg=pass.timing pass=definitions elapsed_ms=3
level=info msg=pass.start pass=k8s files=2
level=info msg=pass.done pass=k8s kustomize=0 manifests=0
level=info msg=pass.timing pass=k8s elapsed_ms=0
level=info msg=pass.start pass=lsp_cross files=2
level=info msg=pass.done pass=lsp_cross files_processed=1 files_skipped_no_lsp=1 files_skipped_no_source=0 defs_total=1 lsp_calls=1
level=info msg=pass.timing pass=lsp_cross elapsed_ms=4
level=info msg=pass.start pass=calls files=2
level=info msg=pass.done pass=calls total=1 resolved=0 unresolved=1 errors=0
level=info msg=pass.timing pass=calls elapsed_ms=0
level=info msg=pass.start pass=usages files=2
level=info msg=pass.done pass=usages usage=1 throws=0 rw=0 errors=0
level=info msg=pass.timing pass=usages elapsed_ms=0
level=info msg=pass.start pass=semantic files=2
level=info msg=pass.done pass=semantic inherits=0 decorates=0 implements=0 overrides=0 errors=0
level=info msg=pass.timing pass=semantic elapsed_ms=0
level=info msg=pass.start pass=tests
level=info msg=pass.done pass=tests tests=0 tests_file=0
level=info msg=pass.timing pass=tests elapsed_ms=0
level=info msg=pass.timing pass=githistory_compute elapsed_ms=32
level=info msg=pass.done pass=githistory commits=0 edges=0
level=info msg=pass.timing pass=decorator_tags elapsed_ms=0
level=info msg=configlinker.strategy name=key_symbol edges=0
level=info msg=configlinker.strategy name=dep_import edges=0
level=info msg=configlinker.strategy name=file_ref edges=0
level=info msg=configlinker.done total=0
level=info msg=pass.timing pass=configlink elapsed_ms=0
level=info msg=pass.timing pass=route_match elapsed_ms=0
level=info msg=pass.start pass=similarity
level=info msg=pass.similarity.collected nodes_with_fp=0
level=info msg=pass.done pass=similarity edges=0
level=info msg=pass.timing pass=similarity elapsed_ms=0
level=info msg=pass.start pass=semantic_edges
level=info msg=pass.semantic.collected functions=1
level=info msg=pass.done pass=semantic_edges edges=0
level=info msg=pass.timing pass=semantic_edges elapsed_ms=4
level=info msg=pass.complexity functions=1
level=info msg=pass.timing pass=complexity elapsed_ms=0
level=info msg=gbuf.dump nodes=8 edges=9
level=info msg=pass.timing pass=dump elapsed_ms=10
level=info msg=pass.timing pass=persist_hashes files=2
level=info msg=pipeline.done nodes=0 edges=9 elapsed_ms=101
PASS
  configures_lowercase_key_skipped                       level=info msg=pipeline.discover files=2 elapsed_ms=1
level=info msg=pipeline.route path=full
level=info msg=pass.start pass=structure files=2
level=info msg=pass.done pass=structure nodes=4 edges=3
level=info msg=pass.timing pass=structure elapsed_ms=0
level=info msg=pipeline.mode mode=sequential files=2
level=info msg=pkgmap.scan_repo manifests=0
level=info msg=pkgmap.scan manifests_from_files=0 manifests_from_walk=0 entries=0
level=info msg=pass.start pass=definitions files=2
level=info msg=pass.done pass=definitions defs=4 calls=0 imports=0 errors=0
level=info msg=pass.timing pass=definitions elapsed_ms=2
level=info msg=pass.start pass=k8s files=2
level=info msg=pass.done pass=k8s kustomize=0 manifests=0
level=info msg=pass.timing pass=k8s elapsed_ms=0
level=info msg=pass.start pass=lsp_cross files=2
level=info msg=pass.done pass=lsp_cross files_processed=1 files_skipped_no_lsp=1 files_skipped_no_source=0 defs_total=1 lsp_calls=1
level=info msg=pass.timing pass=lsp_cross elapsed_ms=3
level=info msg=pass.start pass=calls files=2
level=info msg=pass.done pass=calls total=0 resolved=0 unresolved=0 errors=0
level=info msg=pass.timing pass=calls elapsed_ms=0
level=info msg=pass.start pass=usages files=2
level=info msg=pass.done pass=usages usage=1 throws=0 rw=0 errors=0
level=info msg=pass.timing pass=usages elapsed_ms=0
level=info msg=pass.start pass=semantic files=2
level=info msg=pass.done pass=semantic inherits=0 decorates=0 implements=0 overrides=0 errors=0
level=info msg=pass.timing pass=semantic elapsed_ms=0
level=info msg=pass.start pass=tests
level=info msg=pass.done pass=tests tests=0 tests_file=0
level=info msg=pass.timing pass=tests elapsed_ms=0
level=info msg=pass.timing pass=githistory_compute elapsed_ms=30
level=info msg=pass.done pass=githistory commits=0 edges=0
level=info msg=pass.timing pass=decorator_tags elapsed_ms=0
level=info msg=configlinker.strategy name=key_symbol edges=0
level=info msg=configlinker.strategy name=dep_import edges=0
level=info msg=configlinker.strategy name=file_ref edges=0
level=info msg=configlinker.done total=0
level=info msg=pass.timing pass=configlink elapsed_ms=0
level=info msg=pass.timing pass=route_match elapsed_ms=0
level=info msg=pass.start pass=similarity
level=info msg=pass.similarity.collected nodes_with_fp=0
level=info msg=pass.done pass=similarity edges=0
level=info msg=pass.timing pass=similarity elapsed_ms=0
level=info msg=pass.start pass=semantic_edges
level=info msg=pass.semantic.collected functions=1
level=info msg=pass.done pass=semantic_edges edges=0
level=info msg=pass.timing pass=semantic_edges elapsed_ms=6
level=info msg=pass.complexity functions=1
level=info msg=pass.timing pass=complexity elapsed_ms=0
level=info msg=gbuf.dump nodes=7 edges=8
level=info msg=pass.timing pass=dump elapsed_ms=9
level=info msg=pass.timing pass=persist_hashes files=2
level=info msg=pipeline.done nodes=0 edges=8 elapsed_ms=97
PASS
  configures_non_config_file_skipped                     level=info msg=pipeline.discover files=1 elapsed_ms=1
level=info msg=pipeline.route path=full
level=info msg=pass.start pass=structure files=1
level=info msg=pass.done pass=structure nodes=3 edges=2
level=info msg=pass.timing pass=structure elapsed_ms=0
level=info msg=pipeline.mode mode=sequential files=1
level=info msg=pkgmap.scan_repo manifests=0
level=info msg=pkgmap.scan manifests_from_files=0 manifests_from_walk=0 entries=0
level=info msg=pass.start pass=definitions files=1
level=info msg=pass.done pass=definitions defs=3 calls=0 imports=0 errors=0
level=info msg=pass.timing pass=definitions elapsed_ms=2
level=info msg=pass.start pass=k8s files=1
level=info msg=pass.done pass=k8s kustomize=0 manifests=0
level=info msg=pass.timing pass=k8s elapsed_ms=0
level=info msg=pass.start pass=lsp_cross files=1
level=info msg=pass.done pass=lsp_cross files_processed=1 files_skipped_no_lsp=0 files_skipped_no_source=0 defs_total=1 lsp_calls=1
level=info msg=pass.timing pass=lsp_cross elapsed_ms=4
level=info msg=pass.start pass=calls files=1
level=info msg=pass.done pass=calls total=0 resolved=0 unresolved=0 errors=0
level=info msg=pass.timing pass=calls elapsed_ms=0
level=info msg=pass.start pass=usages files=1
level=info msg=pass.done pass=usages usage=1 throws=0 rw=0 errors=0
level=info msg=pass.timing pass=usages elapsed_ms=0
level=info msg=pass.start pass=semantic files=1
level=info msg=pass.done pass=semantic inherits=0 decorates=0 implements=0 overrides=0 errors=0
level=info msg=pass.timing pass=semantic elapsed_ms=0
level=info msg=pass.start pass=tests
level=info msg=pass.done pass=tests tests=0 tests_file=0
level=info msg=pass.timing pass=tests elapsed_ms=0
level=info msg=pass.timing pass=githistory_compute elapsed_ms=28
level=info msg=pass.done pass=githistory commits=0 edges=0
level=info msg=pass.timing pass=decorator_tags elapsed_ms=0
level=info msg=configlinker.skip reason=no_config_files
level=info msg=pass.timing pass=configlink elapsed_ms=0
level=info msg=pass.timing pass=route_match elapsed_ms=0
level=info msg=pass.start pass=similarity
level=info msg=pass.similarity.collected nodes_with_fp=0
level=info msg=pass.done pass=similarity edges=0
level=info msg=pass.timing pass=similarity elapsed_ms=0
level=info msg=pass.start pass=semantic_edges
level=info msg=pass.semantic.collected functions=1
level=info msg=pass.done pass=semantic_edges edges=0
level=info msg=pass.timing pass=semantic_edges elapsed_ms=7
level=info msg=pass.complexity functions=1
level=info msg=pass.timing pass=complexity elapsed_ms=0
level=info msg=gbuf.dump nodes=5 edges=6
level=info msg=pass.timing pass=dump elapsed_ms=9
level=info msg=pass.timing pass=persist_hashes files=1
level=info msg=pipeline.done nodes=0 edges=6 elapsed_ms=94
PASS
  configures_full_pipeline_integration                   level=info msg=pipeline.discover files=4 elapsed_ms=1
level=info msg=pipeline.route path=full
level=info msg=pass.start pass=structure files=4
level=info msg=pass.done pass=structure nodes=6 edges=5
level=info msg=pass.timing pass=structure elapsed_ms=0
level=info msg=pipeline.mode mode=sequential files=4
level=info msg=pkgmap.scan_repo manifests=0
level=info msg=pkgmap.scan manifests_from_files=0 manifests_from_walk=0 entries=0
level=info msg=pass.start pass=definitions files=4
level=info msg=pass.done pass=definitions defs=18 calls=2 imports=0 errors=0
level=info msg=pass.timing pass=definitions elapsed_ms=4
level=info msg=pass.start pass=k8s files=4
level=info msg=pass.done pass=k8s kustomize=0 manifests=0
level=info msg=pass.timing pass=k8s elapsed_ms=0
level=info msg=pass.start pass=lsp_cross files=4
level=info msg=pass.done pass=lsp_cross files_processed=1 files_skipped_no_lsp=3 files_skipped_no_source=0 defs_total=6 lsp_calls=1
level=info msg=pass.timing pass=lsp_cross elapsed_ms=2
level=info msg=pass.start pass=calls files=4
level=info msg=pass.done pass=calls total=2 resolved=1 unresolved=1 errors=0
level=info msg=pass.timing pass=calls elapsed_ms=0
level=info msg=pass.start pass=usages files=4
level=info msg=pass.done pass=usages usage=0 throws=0 rw=0 errors=0
level=info msg=pass.timing pass=usages elapsed_ms=0
level=info msg=pass.start pass=semantic files=4
level=info msg=pass.done pass=semantic inherits=0 decorates=0 implements=0 overrides=0 errors=0
level=info msg=pass.timing pass=semantic elapsed_ms=0
level=info msg=pass.start pass=tests
level=info msg=pass.done pass=tests tests=0 tests_file=0
level=info msg=pass.timing pass=tests elapsed_ms=0
level=info msg=pass.timing pass=githistory_compute elapsed_ms=29
level=info msg=pass.done pass=githistory commits=0 edges=0
level=info msg=pass.timing pass=decorator_tags elapsed_ms=0
level=info msg=configlinker.strategy name=key_symbol edges=1
level=info msg=configlinker.strategy name=dep_import edges=0
level=info msg=configlinker.strategy name=file_ref edges=0
level=info msg=configlinker.done total=1
level=info msg=pass.timing pass=configlink elapsed_ms=0
level=info msg=pass.timing pass=route_match elapsed_ms=0
level=info msg=pass.start pass=similarity
level=info msg=pass.similarity.collected nodes_with_fp=0
level=info msg=pass.done pass=similarity edges=0
level=info msg=pass.timing pass=similarity elapsed_ms=0
level=info msg=pass.start pass=semantic_edges
level=info msg=pass.semantic.collected functions=3
level=info msg=pass.semantic.token_vectors count=28
level=info msg=pass.semantic.vectors_stored count=3
level=info msg=pass.semantic.lsh_built functions=3 bands=16
level=info msg=pass.done pass=semantic_edges edges=0
level=info msg=pass.timing pass=semantic_edges elapsed_ms=1114
level=info msg=pass.complexity functions=3
level=info msg=pass.timing pass=complexity elapsed_ms=0
level=info msg=gbuf.dump nodes=23 edges=26
level=info msg=pass.timing pass=dump elapsed_ms=13
level=info msg=pass.timing pass=persist_hashes files=4
level=info msg=pipeline.done nodes=0 edges=26 elapsed_ms=1210
PASS
  enrichment_split_camel_case                            PASS
  enrichment_tokenize_decorator                          PASS
  decorator_tags_python_auto_discovery                   level=info msg=pipeline.discover files=1 elapsed_ms=1
level=info msg=pipeline.route path=full
level=info msg=pass.start pass=structure files=1
level=info msg=pass.done pass=structure nodes=3 edges=2
level=info msg=pass.timing pass=structure elapsed_ms=0
level=info msg=pipeline.mode mode=sequential files=1
level=info msg=pkgmap.scan_repo manifests=0
level=info msg=pkgmap.scan manifests_from_files=0 manifests_from_walk=0 entries=0
level=info msg=pass.start pass=definitions files=1
level=info msg=pass.done pass=definitions defs=18 calls=0 imports=0 errors=0
level=info msg=pass.timing pass=definitions elapsed_ms=3
level=info msg=pass.start pass=k8s files=1
level=info msg=pass.done pass=k8s kustomize=0 manifests=0
level=info msg=pass.timing pass=k8s elapsed_ms=0
level=info msg=pass.start pass=lsp_cross files=1
level=info msg=pass.done pass=lsp_cross files_processed=1 files_skipped_no_lsp=0 files_skipped_no_source=0 defs_total=17 lsp_calls=1
level=info msg=pass.timing pass=lsp_cross elapsed_ms=3
level=info msg=pass.start pass=calls files=1
level=info msg=pass.done pass=calls total=0 resolved=0 unresolved=0 errors=0
level=info msg=pass.timing pass=calls elapsed_ms=0
level=info msg=pass.start pass=usages files=1
level=info msg=pass.done pass=usages usage=0 throws=0 rw=0 errors=0
level=info msg=pass.timing pass=usages elapsed_ms=0
level=info msg=pass.start pass=semantic files=1
level=info msg=pass.done pass=semantic inherits=0 decorates=5 implements=0 overrides=0 errors=0
level=info msg=pass.timing pass=semantic elapsed_ms=0
level=info msg=pass.start pass=tests
level=info msg=pass.done pass=tests tests=0 tests_file=0
level=info msg=pass.timing pass=tests elapsed_ms=0
level=info msg=pass.timing pass=githistory_compute elapsed_ms=31
level=info msg=pass.done pass=githistory commits=0 edges=0
level=info msg=pass.decorator_tags candidates=yes tagged=yes
level=info msg=pass.timing pass=decorator_tags elapsed_ms=0
level=info msg=configlinker.skip reason=no_config_files
level=info msg=pass.timing pass=configlink elapsed_ms=0
level=info msg=pass.timing pass=route_match elapsed_ms=0
level=info msg=pass.start pass=similarity
level=info msg=pass.similarity.collected nodes_with_fp=0
level=info msg=pass.done pass=similarity edges=0
level=info msg=pass.timing pass=similarity elapsed_ms=0
level=info msg=pass.start pass=semantic_edges
level=info msg=pass.semantic.collected functions=12
level=info msg=pass.semantic.token_vectors count=35
level=info msg=pass.semantic.vectors_stored count=12
level=info msg=pass.semantic.lsh_built functions=12 bands=16
level=info msg=pass.done pass=semantic_edges edges=0
level=info msg=pass.timing pass=semantic_edges elapsed_ms=1149
level=info msg=pass.complexity functions=12
level=info msg=pass.timing pass=complexity elapsed_ms=0
level=info msg=gbuf.dump nodes=24 edges=30
level=info msg=pass.timing pass=dump elapsed_ms=14
level=info msg=pass.timing pass=persist_hashes files=1
level=info msg=pipeline.done nodes=0 edges=30 elapsed_ms=1245
PASS
  decorator_tags_java_class_methods                      level=info msg=pipeline.discover files=1 elapsed_ms=1
level=info msg=pipeline.route path=full
level=info msg=pass.start pass=structure files=1
level=info msg=pass.done pass=structure nodes=3 edges=2
level=info msg=pass.timing pass=structure elapsed_ms=0
level=info msg=pipeline.mode mode=sequential files=1
level=info msg=pkgmap.scan_repo manifests=0
level=info msg=pkgmap.scan manifests_from_files=0 manifests_from_walk=0 entries=0
level=info msg=pass.start pass=definitions files=1
level=info msg=pass.done pass=definitions defs=6 calls=0 imports=0 errors=0
level=info msg=pass.timing pass=definitions elapsed_ms=2
level=info msg=pass.start pass=k8s files=1
level=info msg=pass.done pass=k8s kustomize=0 manifests=0
level=info msg=pass.timing pass=k8s elapsed_ms=0
level=info msg=pass.start pass=lsp_cross files=1
level=info msg=pass.done pass=lsp_cross files_processed=1 files_skipped_no_lsp=0 files_skipped_no_source=0 defs_total=5 lsp_calls=1
level=info msg=pass.timing pass=lsp_cross elapsed_ms=4
level=info msg=pass.start pass=calls files=1
level=info msg=pass.done pass=calls total=0 resolved=0 unresolved=0 errors=0
level=info msg=pass.timing pass=calls elapsed_ms=0
level=info msg=pass.start pass=usages files=1
level=info msg=pass.done pass=usages usage=0 throws=0 rw=0 errors=0
level=info msg=pass.timing pass=usages elapsed_ms=0
level=info msg=pass.start pass=semantic files=1
level=info msg=pass.done pass=semantic inherits=0 decorates=5 implements=0 overrides=0 errors=0
level=info msg=pass.timing pass=semantic elapsed_ms=0
level=info msg=pass.start pass=tests
level=info msg=pass.done pass=tests tests=0 tests_file=0
level=info msg=pass.timing pass=tests elapsed_ms=0
level=info msg=pass.timing pass=githistory_compute elapsed_ms=34
level=info msg=pass.done pass=githistory commits=0 edges=0
level=info msg=pass.decorator_tags candidates=yes tagged=yes
level=info msg=pass.timing pass=decorator_tags elapsed_ms=0
level=info msg=configlinker.skip reason=no_config_files
level=info msg=pass.timing pass=configlink elapsed_ms=0
level=info msg=pass.ensure_decorator_routes created=4
level=info msg=pass.timing pass=route_match elapsed_ms=0
level=info msg=pass.start pass=similarity
level=info msg=pass.similarity.collected nodes_with_fp=0
level=info msg=pass.done pass=similarity edges=0
level=info msg=pass.timing pass=similarity elapsed_ms=0
level=info msg=pass.start pass=semantic_edges
level=info msg=pass.semantic.collected functions=4
level=info msg=pass.semantic.token_vectors count=20
level=info msg=pass.semantic.vectors_stored count=4
level=info msg=pass.semantic.lsh_built functions=4 bands=16
level=info msg=pass.done pass=semantic_edges edges=0
level=info msg=pass.timing pass=semantic_edges elapsed_ms=1174
level=info msg=pass.complexity functions=4
level=info msg=pass.timing pass=complexity elapsed_ms=0
level=info msg=gbuf.dump nodes=15 edges=26
level=info msg=pass.timing pass=dump elapsed_ms=13
level=info msg=pass.timing pass=persist_hashes files=1
level=info msg=pipeline.done nodes=0 edges=26 elapsed_ms=1279
PASS
  compile_commands_split_command                         PASS
  compile_commands_extract_flags                         PASS
  compile_commands_parse_json                            PASS
  compile_commands_parse_empty                           PASS
  compile_commands_parse_invalid                         PASS
  infra_is_compose_file                                  PASS
  infra_is_cloudbuild_file                               PASS
  infra_is_shell_script                                  PASS
  infra_is_dockerfile                                    PASS
  infra_is_kustomize_file                                PASS
  infra_is_k8s_manifest                                  PASS
  infra_is_env_file                                      PASS
  infra_clean_json_brackets                              PASS
  infra_secret_detection                                 PASS
  infra_parse_dockerfile_multistage                      PASS
  infra_parse_dockerfile_entrypoint                      PASS
  infra_parse_dockerfile_secret_filtered                 PASS
  infra_parse_dockerfile_expose_protocol                 PASS
  infra_parse_dockerfile_env_space                       PASS
  infra_parse_dockerfile_empty                           PASS
  infra_parse_dotenv                                     PASS
  infra_parse_dotenv_quoted                              PASS
  infra_parse_shell                                      PASS
  infra_parse_shell_with_source                          PASS
  infra_parse_shell_secret_filtered                      PASS
  infra_parse_shell_shebang_only                         PASS
  infra_parse_shell_truly_empty                          PASS
  infra_parse_terraform_full                             PASS
  infra_parse_terraform_variables_only                   PASS
  infra_parse_terraform_empty                            PASS
  helm_parse_chart_dependencies_issue338                 PASS
  helm_parse_chart_no_deps_issue338                      PASS
  infra_qn_helper                                        PASS
  infra_pipeline_integration                             PASS
  infra_pipeline_idempotent                              PASS
  k8s_extract_kustomize                                  PASS
  k8s_extract_manifest                                   PASS
  k8s_extract_manifest_no_name                           PASS
  k8s_extract_manifest_multidoc                          PASS
  envscan_dockerfile_env_urls                            PASS
  envscan_shell_env_urls                                 PASS
  envscan_env_file_urls                                  PASS
  envscan_toml_urls                                      PASS
  envscan_yaml_urls                                      PASS
  envscan_terraform_urls                                 PASS
  envscan_properties_urls                                PASS
  envscan_secret_key_exclusion                           PASS
  envscan_secret_value_exclusion                         PASS
  envscan_secret_file_exclusion                          PASS
  envscan_skips_ignored_dirs                             PASS
  envscan_non_url_values_skipped                         PASS
  pipeline_relpath_excluded_boundary                     PASS
  pkgmap_scan_repo_honors_discovery_exclusions           level=info msg=pkgmap.scan_repo manifests=2
level=info msg=pkgmap.scan_repo manifests=1
PASS
  envscan_walk_honors_discovery_exclusions               PASS
  registry_resolve_single_candidate                      PASS
  registry_fuzzy_nonexistent                             PASS
  registry_fuzzy_multiple_best_by_distance               PASS
  registry_fuzzy_simple_name_extraction                  PASS
  registry_fuzzy_empty                                   PASS
  registry_exists                                        PASS
  registry_confidence_import_map                         PASS
  registry_confidence_import_map_suffix                  PASS
  registry_confidence_same_module                        PASS
  registry_confidence_unique_name                        PASS
  registry_confidence_suffix_match                       PASS
  registry_fuzzy_confidence_single                       PASS
  registry_fuzzy_confidence_distance                     PASS
  registry_negative_import_rejects                       PASS
  registry_fuzzy_import_penalty                          PASS
  registry_fuzzy_no_import_map_passthrough               PASS
  registry_find_by_name                                  PASS
  registry_confidence_band                               PASS
  registry_is_import_reachable                           PASS
  registry_find_ending_with                              PASS
  githistory_is_trackable_file                           PASS
  githistory_compute_change_coupling                     PASS
  githistory_coupling_skips_large_commits                PASS
  githistory_coupling_limits_output                      PASS
  pipeline_fastapi_depends_edges                         level=info msg=pipeline.discover files=2 elapsed_ms=2
level=info msg=pipeline.route path=full
level=info msg=pass.start pass=structure files=2
level=info msg=pass.done pass=structure nodes=4 edges=3
level=info msg=pass.timing pass=structure elapsed_ms=0
level=info msg=pipeline.mode mode=sequential files=2
level=info msg=pkgmap.scan_repo manifests=0
level=info msg=pkgmap.scan manifests_from_files=0 manifests_from_walk=0 entries=0
level=info msg=pass.start pass=definitions files=2
level=info msg=pass.done pass=definitions defs=28 calls=2 imports=1 errors=0
level=info msg=pass.timing pass=definitions elapsed_ms=5
level=info msg=pass.start pass=k8s files=2
level=info msg=pass.done pass=k8s kustomize=0 manifests=0
level=info msg=pass.timing pass=k8s elapsed_ms=0
level=info msg=pass.start pass=lsp_cross files=2
level=info msg=pass.done pass=lsp_cross files_processed=2 files_skipped_no_lsp=0 files_skipped_no_source=0 defs_total=26 lsp_calls=2
level=info msg=pass.timing pass=lsp_cross elapsed_ms=4
level=info msg=pass.start pass=calls files=2
level=info msg=pass.done pass=calls total=2 resolved=0 unresolved=2 errors=0
level=info msg=pass.fastapi_depends edges=1
level=info msg=pass.timing pass=calls elapsed_ms=1
level=info msg=pass.start pass=usages files=2
level=info msg=pass.done pass=usages usage=1 throws=0 rw=0 errors=0
level=info msg=pass.timing pass=usages elapsed_ms=0
level=info msg=pass.start pass=semantic files=2
level=info msg=pass.done pass=semantic inherits=0 decorates=0 implements=0 overrides=0 errors=0
level=info msg=pass.timing pass=semantic elapsed_ms=0
level=info msg=pass.start pass=tests
level=info msg=pass.done pass=tests tests=0 tests_file=0
level=info msg=pass.timing pass=tests elapsed_ms=0
level=info msg=pass.timing pass=githistory_compute elapsed_ms=33
level=info msg=pass.done pass=githistory commits=0 edges=0
level=info msg=pass.timing pass=decorator_tags elapsed_ms=0
level=info msg=configlinker.skip reason=no_config_files
level=info msg=pass.timing pass=configlink elapsed_ms=0
level=info msg=pass.timing pass=route_match elapsed_ms=0
level=info msg=pass.start pass=similarity
level=info msg=pass.similarity.collected nodes_with_fp=0
level=info msg=pass.done pass=similarity edges=0
level=info msg=pass.timing pass=similarity elapsed_ms=0
level=info msg=pass.start pass=semantic_edges
level=info msg=pass.semantic.collected functions=9
level=info msg=pass.semantic.token_vectors count=32
level=info msg=pass.semantic.vectors_stored count=9
level=info msg=pass.semantic.lsh_built functions=9 bands=16
level=info msg=pass.done pass=semantic_edges edges=0
level=info msg=pass.timing pass=semantic_edges elapsed_ms=1129
level=info msg=pass.complexity functions=9
level=info msg=pass.timing pass=complexity elapsed_ms=0
level=info msg=gbuf.dump nodes=20 edges=34
level=info msg=pass.timing pass=dump elapsed_ms=10
level=info msg=pass.timing pass=persist_hashes files=2
level=info msg=pipeline.done nodes=0 edges=34 elapsed_ms=1219
PASS
  incremental_full_then_noop                             level=info msg=pipeline.discover files=2 elapsed_ms=4
level=info msg=pipeline.route path=full
level=info msg=pass.start pass=structure files=2
level=info msg=pass.done pass=structure nodes=4 edges=3
level=info msg=pass.timing pass=structure elapsed_ms=0
level=info msg=pipeline.mode mode=sequential files=2
level=info msg=pkgmap.scan_repo manifests=0
level=info msg=pkgmap.scan manifests_from_files=0 manifests_from_walk=0 entries=0
level=info msg=pass.start pass=definitions files=2
level=info msg=pass.done pass=definitions defs=4 calls=1 imports=0 errors=0
level=info msg=pass.timing pass=definitions elapsed_ms=3
level=info msg=pass.start pass=k8s files=2
level=info msg=pass.done pass=k8s kustomize=0 manifests=0
level=info msg=pass.timing pass=k8s elapsed_ms=0
level=info msg=pass.start pass=lsp_cross files=2
level=info msg=pass.done pass=lsp_cross files_processed=2 files_skipped_no_lsp=0 files_skipped_no_source=0 defs_total=2 lsp_calls=2
level=info msg=pass.timing pass=lsp_cross elapsed_ms=4
level=info msg=pass.start pass=calls files=2
level=info msg=pass.done pass=calls total=1 resolved=1 unresolved=0 errors=0
level=info msg=pass.timing pass=calls elapsed_ms=0
level=info msg=pass.start pass=usages files=2
level=info msg=pass.done pass=usages usage=2 throws=0 rw=0 errors=0
level=info msg=pass.timing pass=usages elapsed_ms=0
level=info msg=pass.start pass=semantic files=2
level=info msg=pass.done pass=semantic inherits=0 decorates=0 implements=0 overrides=0 errors=0
level=info msg=pass.timing pass=semantic elapsed_ms=0
level=info msg=pass.start pass=tests
level=info msg=pass.done pass=tests tests=0 tests_file=0
level=info msg=pass.timing pass=tests elapsed_ms=0
level=info msg=pass.timing pass=githistory_compute elapsed_ms=34
level=info msg=pass.done pass=githistory commits=0 edges=0
level=info msg=pass.timing pass=decorator_tags elapsed_ms=0
level=info msg=configlinker.skip reason=no_config_files
level=info msg=pass.timing pass=configlink elapsed_ms=0
level=info msg=pass.timing pass=route_match elapsed_ms=0
level=info msg=pass.start pass=similarity
level=info msg=pass.similarity.collected nodes_with_fp=0
level=info msg=pass.done pass=similarity edges=0
level=info msg=pass.timing pass=similarity elapsed_ms=0
level=info msg=pass.start pass=semantic_edges
level=info msg=pass.semantic.collected functions=2
level=info msg=pass.semantic.token_vectors count=11
level=info msg=pass.semantic.vectors_stored count=2
level=info msg=pass.semantic.lsh_built functions=2 bands=16
level=info msg=pass.done pass=semantic_edges edges=0
level=info msg=pass.timing pass=semantic_edges elapsed_ms=1128
level=info msg=pass.complexity functions=2
level=info msg=pass.timing pass=complexity elapsed_ms=0
level=info msg=gbuf.dump nodes=6 edges=10
level=info msg=pass.timing pass=dump elapsed_ms=11
level=info msg=pass.timing pass=persist_hashes files=2
level=info msg=pipeline.done nodes=0 edges=10 elapsed_ms=1224
level=info msg=pipeline.discover files=2 elapsed_ms=2
level=info msg=pipeline.route path=incremental stored_hashes=2
level=info msg=incremental.classify changed=0 unchanged=2 deleted=0 mode_skipped=0
level=info msg=incremental.noop reason=no_changes
PASS
  incremental_detects_changed_file                       level=info msg=pipeline.discover files=2 elapsed_ms=1
level=info msg=pipeline.route path=full
level=info msg=pass.start pass=structure files=2
level=info msg=pass.done pass=structure nodes=4 edges=3
level=info msg=pass.timing pass=structure elapsed_ms=0
level=info msg=pipeline.mode mode=sequential files=2
level=info msg=pkgmap.scan_repo manifests=0
level=info msg=pkgmap.scan manifests_from_files=0 manifests_from_walk=0 entries=0
level=info msg=pass.start pass=definitions files=2
level=info msg=pass.done pass=definitions defs=4 calls=1 imports=0 errors=0
level=info msg=pass.timing pass=definitions elapsed_ms=3
level=info msg=pass.start pass=k8s files=2
level=info msg=pass.done pass=k8s kustomize=0 manifests=0
level=info msg=pass.timing pass=k8s elapsed_ms=0
level=info msg=pass.start pass=lsp_cross files=2
level=info msg=pass.done pass=lsp_cross files_processed=2 files_skipped_no_lsp=0 files_skipped_no_source=0 defs_total=2 lsp_calls=2
level=info msg=pass.timing pass=lsp_cross elapsed_ms=4
level=info msg=pass.start pass=calls files=2
level=info msg=pass.done pass=calls total=1 resolved=1 unresolved=0 errors=0
level=info msg=pass.timing pass=calls elapsed_ms=0
level=info msg=pass.start pass=usages files=2
level=info msg=pass.done pass=usages usage=2 throws=0 rw=0 errors=0
level=info msg=pass.timing pass=usages elapsed_ms=0
level=info msg=pass.start pass=semantic files=2
level=info msg=pass.done pass=semantic inherits=0 decorates=0 implements=0 overrides=0 errors=0
level=info msg=pass.timing pass=semantic elapsed_ms=0
level=info msg=pass.start pass=tests
level=info msg=pass.done pass=tests tests=0 tests_file=0
level=info msg=pass.timing pass=tests elapsed_ms=0
level=info msg=pass.timing pass=githistory_compute elapsed_ms=28
level=info msg=pass.done pass=githistory commits=0 edges=0
level=info msg=pass.timing pass=decorator_tags elapsed_ms=0
level=info msg=configlinker.skip reason=no_config_files
level=info msg=pass.timing pass=configlink elapsed_ms=0
level=info msg=pass.timing pass=route_match elapsed_ms=0
level=info msg=pass.start pass=similarity
level=info msg=pass.similarity.collected nodes_with_fp=0
level=info msg=pass.done pass=similarity edges=0
level=info msg=pass.timing pass=similarity elapsed_ms=0
level=info msg=pass.start pass=semantic_edges
level=info msg=pass.semantic.collected functions=2
level=info msg=pass.semantic.token_vectors count=11
level=info msg=pass.semantic.vectors_stored count=2
level=info msg=pass.semantic.lsh_built functions=2 bands=16
level=info msg=pass.done pass=semantic_edges edges=0
level=info msg=pass.timing pass=semantic_edges elapsed_ms=1098
level=info msg=pass.complexity functions=2
level=info msg=pass.timing pass=complexity elapsed_ms=0
level=info msg=gbuf.dump nodes=6 edges=10
level=info msg=pass.timing pass=dump elapsed_ms=12
level=info msg=pass.timing pass=persist_hashes files=2
level=info msg=pipeline.done nodes=0 edges=10 elapsed_ms=1184
level=info msg=pipeline.discover files=2 elapsed_ms=1
level=info msg=pipeline.route path=incremental stored_hashes=2
level=info msg=incremental.classify changed=1 unchanged=1 deleted=0 mode_skipped=0
level=info msg=incremental.reparse files=1
level=info msg=incremental.load_db rc=0 nodes=6 edges=10 elapsed_ms=12
level=info msg=incremental.edge_snapshot captured=2 elapsed_ms=0
level=info msg=gbuf.delete_by_file file=helper.go scanned=6 deleted=2
level=info msg=incremental.purge elapsed_ms=0
level=info msg=incremental.registry_seed symbols=1 elapsed_ms=0
level=info msg=incremental.mode mode=sequential changed=1
level=info msg=pass.start pass=definitions files=1
level=info msg=pass.done pass=definitions defs=3 calls=0 imports=0 errors=0
level=info msg=pass.start pass=calls files=1
level=info msg=pass.done pass=calls total=0 resolved=0 unresolved=0 errors=0
level=info msg=pass.start pass=usages files=1
level=info msg=pass.done pass=usages usage=1 throws=0 rw=0 errors=0
level=info msg=pass.start pass=semantic files=1
level=info msg=pass.done pass=semantic inherits=0 decorates=0 implements=0 overrides=0 errors=0
level=info msg=pass.start pass=k8s files=1
level=info msg=pass.done pass=k8s kustomize=0 manifests=0
level=info msg=pass.start pass=tests
level=info msg=pass.done pass=tests tests=0 tests_file=0
level=info msg=pass.timing pass=incr_tests elapsed_ms=0
level=info msg=pass.timing pass=incr_decorator_tags elapsed_ms=0
level=info msg=configlinker.skip reason=no_config_files
level=info msg=pass.timing pass=incr_configlink elapsed_ms=0
level=info msg=pass.start pass=similarity
level=info msg=pass.similarity.collected nodes_with_fp=0
level=info msg=pass.done pass=similarity edges=0
level=info msg=pass.timing pass=incr_similarity elapsed_ms=0
level=info msg=pass.start pass=semantic_edges
level=info msg=pass.semantic.collected functions=3
level=info msg=pass.semantic.token_vectors count=16
level=info msg=pass.semantic.vectors_stored count=3
level=info msg=pass.semantic.lsh_built functions=3 bands=16
level=info msg=pass.done pass=semantic_edges edges=0
level=info msg=pass.timing pass=incr_semantic_edges elapsed_ms=1141
level=info msg=incremental.edge_relink relinked=2 captured=2 elapsed_ms=0
level=info msg=gbuf.dump nodes=7 edges=11
level=info msg=incremental.dump rc=0 elapsed_ms=8
level=info msg=incremental.done elapsed_ms=1209
PASS
  incremental_aborts_when_previous_coverage_is_unreadablelevel=info msg=pipeline.discover files=2 elapsed_ms=1
level=info msg=pipeline.route path=full
level=info msg=pass.start pass=structure files=2
level=info msg=pass.done pass=structure nodes=4 edges=3
level=info msg=pass.timing pass=structure elapsed_ms=0
level=info msg=pipeline.mode mode=sequential files=2
level=info msg=pkgmap.scan_repo manifests=0
level=info msg=pkgmap.scan manifests_from_files=0 manifests_from_walk=0 entries=0
level=info msg=pass.start pass=definitions files=2
level=info msg=pass.done pass=definitions defs=4 calls=1 imports=0 errors=0
level=info msg=pass.timing pass=definitions elapsed_ms=3
level=info msg=pass.start pass=k8s files=2
level=info msg=pass.done pass=k8s kustomize=0 manifests=0
level=info msg=pass.timing pass=k8s elapsed_ms=3
level=info msg=pass.start pass=lsp_cross files=2
level=info msg=pass.done pass=lsp_cross files_processed=2 files_skipped_no_lsp=0 files_skipped_no_source=0 defs_total=2 lsp_calls=2
level=info msg=pass.timing pass=lsp_cross elapsed_ms=4
level=info msg=pass.start pass=calls files=2
level=info msg=pass.done pass=calls total=1 resolved=1 unresolved=0 errors=0
level=info msg=pass.timing pass=calls elapsed_ms=0
level=info msg=pass.start pass=usages files=2
level=info msg=pass.done pass=usages usage=2 throws=0 rw=0 errors=0
level=info msg=pass.timing pass=usages elapsed_ms=0
level=info msg=pass.start pass=semantic files=2
level=info msg=pass.done pass=semantic inherits=0 decorates=0 implements=0 overrides=0 errors=0
level=info msg=pass.timing pass=semantic elapsed_ms=0
level=info msg=pass.start pass=tests
level=info msg=pass.done pass=tests tests=0 tests_file=0
level=info msg=pass.timing pass=tests elapsed_ms=0
level=info msg=pass.timing pass=githistory_compute elapsed_ms=32
level=info msg=pass.done pass=githistory commits=0 edges=0
level=info msg=pass.timing pass=decorator_tags elapsed_ms=0
level=info msg=configlinker.skip reason=no_config_files
level=info msg=pass.timing pass=configlink elapsed_ms=0
level=info msg=pass.timing pass=route_match elapsed_ms=0
level=info msg=pass.start pass=similarity
level=info msg=pass.similarity.collected nodes_with_fp=0
level=info msg=pass.done pass=similarity edges=0
level=info msg=pass.timing pass=similarity elapsed_ms=0
level=info msg=pass.start pass=semantic_edges
level=info msg=pass.semantic.collected functions=2
level=info msg=pass.semantic.token_vectors count=11
level=info msg=pass.semantic.vectors_stored count=2
level=info msg=pass.semantic.lsh_built functions=2 bands=16
level=info msg=pass.done pass=semantic_edges edges=0
level=info msg=pass.timing pass=semantic_edges elapsed_ms=1155
level=info msg=pass.complexity functions=2
level=info msg=pass.timing pass=complexity elapsed_ms=0
level=info msg=gbuf.dump nodes=6 edges=10
level=info msg=pass.timing pass=dump elapsed_ms=12
level=info msg=pass.timing pass=persist_hashes files=2
level=info msg=pipeline.done nodes=0 edges=10 elapsed_ms=1248
level=info msg=pipeline.discover files=2 elapsed_ms=0
level=info msg=pipeline.route path=incremental stored_hashes=2
level=info msg=incremental.classify changed=1 unchanged=1 deleted=0 mode_skipped=0
level=error msg=incremental.err msg=coverage_read_failed project=C-msys64-tmp-cbm_incr_a47140
PASS
  incremental_detects_deleted_file                       level=info msg=pipeline.discover files=2 elapsed_ms=1
level=info msg=pipeline.route path=full
level=info msg=pass.start pass=structure files=2
level=info msg=pass.done pass=structure nodes=4 edges=3
level=info msg=pass.timing pass=structure elapsed_ms=0
level=info msg=pipeline.mode mode=sequential files=2
level=info msg=pkgmap.scan_repo manifests=0
level=info msg=pkgmap.scan manifests_from_files=0 manifests_from_walk=0 entries=0
level=info msg=pass.start pass=definitions files=2
level=info msg=pass.done pass=definitions defs=4 calls=1 imports=0 errors=0
level=info msg=pass.timing pass=definitions elapsed_ms=3
level=info msg=pass.start pass=k8s files=2
level=info msg=pass.done pass=k8s kustomize=0 manifests=0
level=info msg=pass.timing pass=k8s elapsed_ms=0
level=info msg=pass.start pass=lsp_cross files=2
level=info msg=pass.done pass=lsp_cross files_processed=2 files_skipped_no_lsp=0 files_skipped_no_source=0 defs_total=2 lsp_calls=2
level=info msg=pass.timing pass=lsp_cross elapsed_ms=4
level=info msg=pass.start pass=calls files=2
level=info msg=pass.done pass=calls total=1 resolved=1 unresolved=0 errors=0
level=info msg=pass.timing pass=calls elapsed_ms=0
level=info msg=pass.start pass=usages files=2
level=info msg=pass.done pass=usages usage=2 throws=0 rw=0 errors=0
level=info msg=pass.timing pass=usages elapsed_ms=0
level=info msg=pass.start pass=semantic files=2
level=info msg=pass.done pass=semantic inherits=0 decorates=0 implements=0 overrides=0 errors=0
level=info msg=pass.timing pass=semantic elapsed_ms=0
level=info msg=pass.start pass=tests
level=info msg=pass.done pass=tests tests=0 tests_file=0
level=info msg=pass.timing pass=tests elapsed_ms=0
level=info msg=pass.timing pass=githistory_compute elapsed_ms=28
level=info msg=pass.done pass=githistory commits=0 edges=0
level=info msg=pass.timing pass=decorator_tags elapsed_ms=0
level=info msg=configlinker.skip reason=no_config_files
level=info msg=pass.timing pass=configlink elapsed_ms=0
level=info msg=pass.timing pass=route_match elapsed_ms=0
level=info msg=pass.start pass=similarity
level=info msg=pass.similarity.collected nodes_with_fp=0
level=info msg=pass.done pass=similarity edges=0
level=info msg=pass.timing pass=similarity elapsed_ms=0
level=info msg=pass.start pass=semantic_edges
level=info msg=pass.semantic.collected functions=2
level=info msg=pass.semantic.token_vectors count=11
level=info msg=pass.semantic.vectors_stored count=2
level=info msg=pass.semantic.lsh_built functions=2 bands=16
level=info msg=pass.done pass=semantic_edges edges=0
level=info msg=pass.timing pass=semantic_edges elapsed_ms=1167
level=info msg=pass.complexity functions=2
level=info msg=pass.timing pass=complexity elapsed_ms=0
level=info msg=gbuf.dump nodes=6 edges=10
level=info msg=pass.timing pass=dump elapsed_ms=10
level=info msg=pass.timing pass=persist_hashes files=2
level=info msg=pipeline.done nodes=0 edges=10 elapsed_ms=1256
level=info msg=pipeline.discover files=1 elapsed_ms=1
level=info msg=pipeline.route path=incremental stored_hashes=2
level=info msg=incremental.classify changed=0 unchanged=1 deleted=1 mode_skipped=0
level=info msg=incremental.reparse files=0
level=info msg=incremental.load_db rc=0 nodes=6 edges=10 elapsed_ms=12
level=info msg=incremental.edge_snapshot captured=0 elapsed_ms=0
level=info msg=gbuf.delete_by_file file=helper.go scanned=6 deleted=2
level=info msg=incremental.purge elapsed_ms=0
level=info msg=incremental.registry_seed symbols=1 elapsed_ms=0
level=info msg=incremental.mode mode=sequential changed=0
level=info msg=pass.start pass=definitions files=0
level=info msg=pass.done pass=definitions defs=0 calls=0 imports=0 errors=0
level=info msg=pass.start pass=calls files=0
level=info msg=pass.done pass=calls total=0 resolved=0 unresolved=0 errors=0
level=info msg=pass.start pass=usages files=0
level=info msg=pass.done pass=usages usage=0 throws=0 rw=0 errors=0
level=info msg=pass.start pass=semantic files=0
level=info msg=pass.done pass=semantic inherits=0 decorates=0 implements=0 overrides=0 errors=0
level=info msg=pass.start pass=k8s files=0
level=info msg=pass.done pass=k8s kustomize=0 manifests=0
level=info msg=pass.start pass=tests
level=info msg=pass.done pass=tests tests=0 tests_file=0
level=info msg=pass.timing pass=incr_tests elapsed_ms=0
level=info msg=pass.timing pass=incr_decorator_tags elapsed_ms=0
level=info msg=configlinker.skip reason=no_config_files
level=info msg=pass.timing pass=incr_configlink elapsed_ms=0
level=info msg=pass.start pass=similarity
level=info msg=pass.similarity.collected nodes_with_fp=0
level=info msg=pass.done pass=similarity edges=0
level=info msg=pass.timing pass=incr_similarity elapsed_ms=0
level=info msg=pass.start pass=semantic_edges
level=info msg=pass.semantic.collected functions=1
level=info msg=pass.done pass=semantic_edges edges=0
level=info msg=pass.timing pass=incr_semantic_edges elapsed_ms=5
level=info msg=incremental.edge_relink relinked=0 captured=0 elapsed_ms=0
level=info msg=gbuf.dump nodes=4 edges=5
level=info msg=incremental.dump rc=0 elapsed_ms=8
level=info msg=incremental.done elapsed_ms=71
PASS
  incremental_new_file_added                             level=info msg=pipeline.discover files=2 elapsed_ms=1
level=info msg=pipeline.route path=full
level=info msg=pass.start pass=structure files=2
level=info msg=pass.done pass=structure nodes=4 edges=3
level=info msg=pass.timing pass=structure elapsed_ms=0
level=info msg=pipeline.mode mode=sequential files=2
level=info msg=pkgmap.scan_repo manifests=0
level=info msg=pkgmap.scan manifests_from_files=0 manifests_from_walk=0 entries=0
level=info msg=pass.start pass=definitions files=2
level=info msg=pass.done pass=definitions defs=4 calls=1 imports=0 errors=0
level=info msg=pass.timing pass=definitions elapsed_ms=3
level=info msg=pass.start pass=k8s files=2
level=info msg=pass.done pass=k8s kustomize=0 manifests=0
level=info msg=pass.timing pass=k8s elapsed_ms=0
level=info msg=pass.start pass=lsp_cross files=2
level=info msg=pass.done pass=lsp_cross files_processed=2 files_skipped_no_lsp=0 files_skipped_no_source=0 defs_total=2 lsp_calls=2
level=info msg=pass.timing pass=lsp_cross elapsed_ms=4
level=info msg=pass.start pass=calls files=2
level=info msg=pass.done pass=calls total=1 resolved=1 unresolved=0 errors=0
level=info msg=pass.timing pass=calls elapsed_ms=0
level=info msg=pass.start pass=usages files=2
level=info msg=pass.done pass=usages usage=2 throws=0 rw=0 errors=0
level=info msg=pass.timing pass=usages elapsed_ms=0
level=info msg=pass.start pass=semantic files=2
level=info msg=pass.done pass=semantic inherits=0 decorates=0 implements=0 overrides=0 errors=0
level=info msg=pass.timing pass=semantic elapsed_ms=0
level=info msg=pass.start pass=tests
level=info msg=pass.done pass=tests tests=0 tests_file=0
level=info msg=pass.timing pass=tests elapsed_ms=0
level=info msg=pass.timing pass=githistory_compute elapsed_ms=33
level=info msg=pass.done pass=githistory commits=0 edges=0
level=info msg=pass.timing pass=decorator_tags elapsed_ms=0
level=info msg=configlinker.skip reason=no_config_files
level=info msg=pass.timing pass=configlink elapsed_ms=0
level=info msg=pass.timing pass=route_match elapsed_ms=0
level=info msg=pass.start pass=similarity
level=info msg=pass.similarity.collected nodes_with_fp=0
level=info msg=pass.done pass=similarity edges=0
level=info msg=pass.timing pass=similarity elapsed_ms=0
level=info msg=pass.start pass=semantic_edges
level=info msg=pass.semantic.collected functions=2
level=info msg=pass.semantic.token_vectors count=11
level=info msg=pass.semantic.vectors_stored count=2
level=info msg=pass.semantic.lsh_built functions=2 bands=16
level=info msg=pass.done pass=semantic_edges edges=0
level=info msg=pass.timing pass=semantic_edges elapsed_ms=1157
level=info msg=pass.complexity functions=2
level=info msg=pass.timing pass=complexity elapsed_ms=0
level=info msg=gbuf.dump nodes=6 edges=10
level=info msg=pass.timing pass=dump elapsed_ms=13
level=info msg=pass.timing pass=persist_hashes files=2
level=info msg=pipeline.done nodes=0 edges=10 elapsed_ms=1256
level=info msg=pipeline.discover files=3 elapsed_ms=1
level=info msg=pipeline.route path=incremental stored_hashes=2
level=info msg=incremental.classify changed=1 unchanged=2 deleted=0 mode_skipped=0
level=info msg=incremental.reparse files=1
level=info msg=incremental.load_db rc=0 nodes=6 edges=10 elapsed_ms=13
level=info msg=incremental.edge_snapshot captured=0 elapsed_ms=0
level=info msg=incremental.purge elapsed_ms=0
level=info msg=incremental.registry_seed symbols=2 elapsed_ms=0
level=info msg=incremental.mode mode=sequential changed=1
level=info msg=pass.start pass=definitions files=1
level=info msg=pass.done pass=definitions defs=2 calls=0 imports=0 errors=0
level=info msg=pass.start pass=calls files=1
level=info msg=pass.done pass=calls total=0 resolved=0 unresolved=0 errors=0
level=info msg=pass.start pass=usages files=1
level=info msg=pass.done pass=usages usage=1 throws=0 rw=0 errors=0
level=info msg=pass.start pass=semantic files=1
level=info msg=pass.done pass=semantic inherits=0 decorates=0 implements=0 overrides=0 errors=0
level=info msg=pass.start pass=k8s files=1
level=info msg=pass.done pass=k8s kustomize=0 manifests=0
level=info msg=pass.start pass=tests
level=info msg=pass.done pass=tests tests=0 tests_file=0
level=info msg=pass.timing pass=incr_tests elapsed_ms=0
level=info msg=pass.timing pass=incr_decorator_tags elapsed_ms=0
level=info msg=configlinker.skip reason=no_config_files
level=info msg=pass.timing pass=incr_configlink elapsed_ms=0
level=info msg=pass.start pass=similarity
level=info msg=pass.similarity.collected nodes_with_fp=0
level=info msg=pass.done pass=similarity edges=0
level=info msg=pass.timing pass=incr_similarity elapsed_ms=0
level=info msg=pass.start pass=semantic_edges
level=info msg=pass.semantic.collected functions=3
level=info msg=pass.semantic.token_vectors count=14
level=info msg=pass.semantic.vectors_stored count=3
level=info msg=pass.semantic.lsh_built functions=3 bands=16
level=info msg=pass.done pass=semantic_edges edges=0
level=info msg=pass.timing pass=incr_semantic_edges elapsed_ms=1109
level=info msg=incremental.edge_relink relinked=0 captured=0 elapsed_ms=0
level=info msg=gbuf.dump nodes=8 edges=13
level=info msg=incremental.dump rc=0 elapsed_ms=12
level=info msg=incremental.done elapsed_ms=1182
PASS
  incremental_fast_preserves_mode_skipped_tools_dir      level=info msg=pipeline.discover files=2 elapsed_ms=2
level=info msg=pipeline.route path=full
level=info msg=pass.start pass=structure files=2
level=info msg=pass.done pass=structure nodes=5 edges=4
level=info msg=pass.timing pass=structure elapsed_ms=0
level=info msg=pipeline.mode mode=sequential files=2
level=info msg=pkgmap.scan_repo manifests=0
level=info msg=pkgmap.scan manifests_from_files=0 manifests_from_walk=0 entries=0
level=info msg=pass.start pass=definitions files=2
level=info msg=pass.done pass=definitions defs=4 calls=0 imports=0 errors=0
level=info msg=pass.timing pass=definitions elapsed_ms=4
level=info msg=pass.start pass=k8s files=2
level=info msg=pass.done pass=k8s kustomize=0 manifests=0
level=info msg=pass.timing pass=k8s elapsed_ms=0
level=info msg=pass.start pass=lsp_cross files=2
level=info msg=pass.done pass=lsp_cross files_processed=2 files_skipped_no_lsp=0 files_skipped_no_source=0 defs_total=2 lsp_calls=2
level=info msg=pass.timing pass=lsp_cross elapsed_ms=4
level=info msg=pass.start pass=calls files=2
level=info msg=pass.done pass=calls total=0 resolved=0 unresolved=0 errors=0
level=info msg=pass.timing pass=calls elapsed_ms=0
level=info msg=pass.start pass=usages files=2
level=info msg=pass.done pass=usages usage=1 throws=0 rw=0 errors=0
level=info msg=pass.timing pass=usages elapsed_ms=0
level=info msg=pass.start pass=semantic files=2
level=info msg=pass.done pass=semantic inherits=0 decorates=0 implements=0 overrides=0 errors=0
level=info msg=pass.timing pass=semantic elapsed_ms=0
level=info msg=pass.start pass=tests
level=info msg=pass.done pass=tests tests=0 tests_file=0
level=info msg=pass.timing pass=tests elapsed_ms=0
level=info msg=pass.timing pass=githistory_compute elapsed_ms=37
level=info msg=pass.done pass=githistory commits=0 edges=0
level=info msg=pass.timing pass=decorator_tags elapsed_ms=0
level=info msg=configlinker.skip reason=no_config_files
level=info msg=pass.timing pass=configlink elapsed_ms=0
level=info msg=pass.timing pass=route_match elapsed_ms=0
level=info msg=pass.start pass=similarity
level=info msg=pass.similarity.collected nodes_with_fp=0
level=info msg=pass.done pass=similarity edges=0
level=info msg=pass.timing pass=similarity elapsed_ms=0
level=info msg=pass.start pass=semantic_edges
level=info msg=pass.semantic.collected functions=2
level=info msg=pass.semantic.token_vectors count=13
level=info msg=pass.semantic.vectors_stored count=2
level=info msg=pass.semantic.lsh_built functions=2 bands=16
level=info msg=pass.done pass=semantic_edges edges=0
level=info msg=pass.timing pass=semantic_edges elapsed_ms=1154
level=info msg=pass.complexity functions=2
level=info msg=pass.timing pass=complexity elapsed_ms=0
level=info msg=gbuf.dump nodes=7 edges=9
level=info msg=pass.timing pass=dump elapsed_ms=10
level=info msg=pass.timing pass=persist_hashes files=2
level=info msg=pipeline.done nodes=0 edges=9 elapsed_ms=1242
level=info msg=pipeline.discover files=1 elapsed_ms=1
level=info msg=pipeline.route path=incremental stored_hashes=2
level=info msg=incremental.classify changed=0 unchanged=1 deleted=0 mode_skipped=1
level=info msg=incremental.noop reason=no_changes
level=info msg=pipeline.discover files=1 elapsed_ms=1
level=info msg=pipeline.route path=incremental stored_hashes=2
level=info msg=incremental.classify changed=1 unchanged=0 deleted=0 mode_skipped=1
level=info msg=incremental.reparse files=1
level=info msg=incremental.load_db rc=0 nodes=7 edges=9 elapsed_ms=11
level=info msg=incremental.edge_snapshot captured=1 elapsed_ms=0
level=info msg=gbuf.delete_by_file file=main.go scanned=7 deleted=2
level=info msg=incremental.purge elapsed_ms=0
level=info msg=incremental.registry_seed symbols=1 elapsed_ms=0
level=info msg=incremental.mode mode=sequential changed=1
level=info msg=pass.start pass=definitions files=1
level=info msg=pass.done pass=definitions defs=2 calls=0 imports=0 errors=0
level=info msg=pass.start pass=calls files=1
level=info msg=pass.done pass=calls total=0 resolved=0 unresolved=0 errors=0
level=info msg=pass.start pass=usages files=1
level=info msg=pass.done pass=usages usage=1 throws=0 rw=0 errors=0
level=info msg=pass.start pass=semantic files=1
level=info msg=pass.done pass=semantic inherits=0 decorates=0 implements=0 overrides=0 errors=0
level=info msg=pass.start pass=k8s files=1
level=info msg=pass.done pass=k8s kustomize=0 manifests=0
level=info msg=pass.start pass=tests
level=info msg=pass.done pass=tests tests=0 tests_file=0
level=info msg=pass.timing pass=incr_tests elapsed_ms=0
level=info msg=pass.timing pass=incr_decorator_tags elapsed_ms=0
level=info msg=configlinker.skip reason=no_config_files
level=info msg=pass.timing pass=incr_configlink elapsed_ms=0
level=info msg=incremental.edge_relink relinked=1 captured=1 elapsed_ms=0
level=info msg=gbuf.dump nodes=7 edges=9
level=info msg=incremental.dump rc=0 elapsed_ms=8
level=info msg=incremental.done elapsed_ms=65
level=info msg=pipeline.discover files=1 elapsed_ms=1
level=info msg=pipeline.route path=incremental stored_hashes=2
level=info msg=incremental.classify changed=0 unchanged=1 deleted=1 mode_skipped=0
level=info msg=incremental.reparse files=0
level=info msg=incremental.load_db rc=0 nodes=7 edges=9 elapsed_ms=12
level=info msg=incremental.edge_snapshot captured=0 elapsed_ms=0
level=info msg=gbuf.delete_by_file file=tools/util.go scanned=7 deleted=2
level=info msg=incremental.purge elapsed_ms=0
level=info msg=incremental.registry_seed symbols=1 elapsed_ms=0
level=info msg=incremental.mode mode=sequential changed=0
level=info msg=pass.start pass=definitions files=0
level=info msg=pass.done pass=definitions defs=0 calls=0 imports=0 errors=0
level=info msg=pass.start pass=calls files=0
level=info msg=pass.done pass=calls total=0 resolved=0 unresolved=0 errors=0
level=info msg=pass.start pass=usages files=0
level=info msg=pass.done pass=usages usage=0 throws=0 rw=0 errors=0
level=info msg=pass.start pass=semantic files=0
level=info msg=pass.done pass=semantic inherits=0 decorates=0 implements=0 overrides=0 errors=0
level=info msg=pass.start pass=k8s files=0
level=info msg=pass.done pass=k8s kustomize=0 manifests=0
level=info msg=pass.start pass=tests
level=info msg=pass.done pass=tests tests=0 tests_file=0
level=info msg=pass.timing pass=incr_tests elapsed_ms=0
level=info msg=pass.timing pass=incr_decorator_tags elapsed_ms=0
level=info msg=configlinker.skip reason=no_config_files
level=info msg=pass.timing pass=incr_configlink elapsed_ms=0
level=info msg=pass.start pass=similarity
level=info msg=pass.similarity.collected nodes_with_fp=0
level=info msg=pass.done pass=similarity edges=0
level=info msg=pass.timing pass=incr_similarity elapsed_ms=0
level=info msg=pass.start pass=semantic_edges
level=info msg=pass.semantic.collected functions=1
level=info msg=pass.done pass=semantic_edges edges=0
level=info msg=pass.timing pass=incr_semantic_edges elapsed_ms=5
level=info msg=incremental.edge_relink relinked=0 captured=0 elapsed_ms=0
level=info msg=gbuf.dump nodes=5 edges=6
level=info msg=incremental.dump rc=0 elapsed_ms=8
level=info msg=incremental.done elapsed_ms=63
PASS
  incremental_k8s_manifest_indexed                       level=info msg=pipeline.discover files=1 elapsed_ms=1
level=info msg=pipeline.route path=full
level=info msg=pass.start pass=structure files=1
level=info msg=pass.done pass=structure nodes=3 edges=2
level=info msg=pass.timing pass=structure elapsed_ms=0
level=info msg=pipeline.mode mode=sequential files=1
level=info msg=pkgmap.scan_repo manifests=0
level=info msg=pkgmap.scan manifests_from_files=0 manifests_from_walk=0 entries=0
level=info msg=pass.start pass=definitions files=1
level=info msg=pass.done pass=definitions defs=4 calls=0 imports=0 errors=0
level=info msg=pass.timing pass=definitions elapsed_ms=1
level=info msg=pass.start pass=k8s files=1
level=info msg=pass.k8s.manifest file=deploy.yaml resources=1
level=info msg=pass.done pass=k8s kustomize=0 manifests=1
level=info msg=pass.timing pass=k8s elapsed_ms=1
level=info msg=pass.start pass=lsp_cross files=1
level=info msg=pass.done pass=lsp_cross files_processed=0 files_skipped_no_lsp=1 files_skipped_no_source=0 defs_total=0 lsp_calls=0
level=info msg=pass.timing pass=lsp_cross elapsed_ms=3
level=info msg=pass.start pass=calls files=1
level=info msg=pass.done pass=calls total=0 resolved=0 unresolved=0 errors=0
level=info msg=pass.timing pass=calls elapsed_ms=0
level=info msg=pass.start pass=usages files=1
level=info msg=pass.done pass=usages usage=0 throws=0 rw=0 errors=0
level=info msg=pass.timing pass=usages elapsed_ms=0
level=info msg=pass.start pass=semantic files=1
level=info msg=pass.done pass=semantic inherits=0 decorates=0 implements=0 overrides=0 errors=0
level=info msg=pass.timing pass=semantic elapsed_ms=0
level=info msg=pass.start pass=tests
level=info msg=pass.done pass=tests tests=0 tests_file=0
level=info msg=pass.timing pass=tests elapsed_ms=0
level=info msg=pass.timing pass=githistory_compute elapsed_ms=37
level=info msg=pass.done pass=githistory commits=0 edges=0
level=info msg=pass.timing pass=decorator_tags elapsed_ms=0
level=info msg=configlinker.strategy name=key_symbol edges=0
level=info msg=configlinker.strategy name=dep_import edges=0
level=info msg=configlinker.strategy name=file_ref edges=0
level=info msg=configlinker.done total=0
level=info msg=pass.timing pass=configlink elapsed_ms=0
level=info msg=pass.timing pass=route_match elapsed_ms=0
level=info msg=pass.start pass=similarity
level=info msg=pass.similarity.collected nodes_with_fp=0
level=info msg=pass.done pass=similarity edges=0
level=info msg=pass.timing pass=similarity elapsed_ms=0
level=info msg=pass.start pass=semantic_edges
level=info msg=pass.semantic.collected functions=0
level=info msg=pass.done pass=semantic_edges edges=0
level=info msg=pass.timing pass=semantic_edges elapsed_ms=0
level=info msg=pass.complexity functions=0
level=info msg=pass.timing pass=complexity elapsed_ms=0
level=info msg=gbuf.dump nodes=8 edges=7
level=info msg=pass.timing pass=dump elapsed_ms=9
level=info msg=pass.timing pass=persist_hashes files=1
level=info msg=pipeline.done nodes=0 edges=7 elapsed_ms=98
level=info msg=pipeline.discover files=2 elapsed_ms=2
level=info msg=pipeline.route path=mode_change_reindex stored_hashes=1 discovered=2
level=info msg=pipeline.route path=reindex action=deleting_old_db
level=info msg=pipeline.route path=full
level=info msg=pass.start pass=structure files=2
level=info msg=pass.done pass=structure nodes=4 edges=3
level=info msg=pass.timing pass=structure elapsed_ms=0
level=info msg=pipeline.mode mode=sequential files=2
level=info msg=pkgmap.scan_repo manifests=0
level=info msg=pkgmap.scan manifests_from_files=0 manifests_from_walk=0 entries=0
level=info msg=pass.start pass=definitions files=2
level=info msg=pass.done pass=definitions defs=8 calls=0 imports=0 errors=0
level=info msg=pass.timing pass=definitions elapsed_ms=1
level=info msg=pass.start pass=k8s files=2
level=info msg=pass.k8s.manifest file=deploy.yaml resources=1
level=info msg=pass.k8s.manifest file=svc.yaml resources=1
level=info msg=pass.done pass=k8s kustomize=0 manifests=2
level=info msg=pass.timing pass=k8s elapsed_ms=2
level=info msg=pass.start pass=lsp_cross files=2
level=info msg=pass.done pass=lsp_cross files_processed=0 files_skipped_no_lsp=2 files_skipped_no_source=0 defs_total=0 lsp_calls=0
level=info msg=pass.timing pass=lsp_cross elapsed_ms=2
level=info msg=pass.start pass=calls files=2
level=info msg=pass.done pass=calls total=0 resolved=0 unresolved=0 errors=0
level=info msg=pass.timing pass=calls elapsed_ms=0
level=info msg=pass.start pass=usages files=2
level=info msg=pass.done pass=usages usage=0 throws=0 rw=0 errors=0
level=info msg=pass.timing pass=usages elapsed_ms=0
level=info msg=pass.start pass=semantic files=2
level=info msg=pass.done pass=semantic inherits=0 decorates=0 implements=0 overrides=0 errors=0
level=info msg=pass.timing pass=semantic elapsed_ms=0
level=info msg=pass.start pass=tests
level=info msg=pass.done pass=tests tests=0 tests_file=0
level=info msg=pass.timing pass=tests elapsed_ms=0
level=info msg=pass.timing pass=githistory_compute elapsed_ms=32
level=info msg=pass.done pass=githistory commits=0 edges=0
level=info msg=pass.timing pass=decorator_tags elapsed_ms=0
level=info msg=configlinker.strategy name=key_symbol edges=0
level=info msg=configlinker.strategy name=dep_import edges=0
level=info msg=configlinker.strategy name=file_ref edges=0
level=info msg=configlinker.done total=0
level=info msg=pass.timing pass=configlink elapsed_ms=0
level=info msg=pass.timing pass=route_match elapsed_ms=0
level=info msg=pass.start pass=similarity
level=info msg=pass.similarity.collected nodes_with_fp=0
level=info msg=pass.done pass=similarity edges=0
level=info msg=pass.timing pass=similarity elapsed_ms=0
level=info msg=pass.start pass=semantic_edges
level=info msg=pass.semantic.collected functions=0
level=info msg=pass.done pass=semantic_edges edges=0
level=info msg=pass.timing pass=semantic_edges elapsed_ms=0
level=info msg=pass.complexity functions=0
level=info msg=pass.timing pass=complexity elapsed_ms=0
level=info msg=gbuf.dump nodes=14 edges=13
level=info msg=pass.timing pass=dump elapsed_ms=10
level=info msg=pass.timing pass=persist_hashes files=2
level=info msg=pipeline.done nodes=0 edges=13 elapsed_ms=105
PASS
  incremental_kustomize_module_indexed                   level=info msg=pipeline.discover files=1 elapsed_ms=1
level=info msg=pipeline.route path=full
level=info msg=pass.start pass=structure files=1
level=info msg=pass.done pass=structure nodes=3 edges=2
level=info msg=pass.timing pass=structure elapsed_ms=0
level=info msg=pipeline.mode mode=sequential files=1
level=info msg=pkgmap.scan_repo manifests=0
level=info msg=pkgmap.scan manifests_from_files=0 manifests_from_walk=0 entries=0
level=info msg=pass.start pass=definitions files=1
level=info msg=pass.done pass=definitions defs=4 calls=0 imports=0 errors=0
level=info msg=pass.timing pass=definitions elapsed_ms=1
level=info msg=pass.start pass=k8s files=1
level=info msg=pass.k8s.manifest file=deploy.yaml resources=1
level=info msg=pass.done pass=k8s kustomize=0 manifests=1
level=info msg=pass.timing pass=k8s elapsed_ms=1
level=info msg=pass.start pass=lsp_cross files=1
level=info msg=pass.done pass=lsp_cross files_processed=0 files_skipped_no_lsp=1 files_skipped_no_source=0 defs_total=0 lsp_calls=0
level=info msg=pass.timing pass=lsp_cross elapsed_ms=3
level=info msg=pass.start pass=calls files=1
level=info msg=pass.done pass=calls total=0 resolved=0 unresolved=0 errors=0
level=info msg=pass.timing pass=calls elapsed_ms=0
level=info msg=pass.start pass=usages files=1
level=info msg=pass.done pass=usages usage=0 throws=0 rw=0 errors=0
level=info msg=pass.timing pass=usages elapsed_ms=0
level=info msg=pass.start pass=semantic files=1
level=info msg=pass.done pass=semantic inherits=0 decorates=0 implements=0 overrides=0 errors=0
level=info msg=pass.timing pass=semantic elapsed_ms=0
level=info msg=pass.start pass=tests
level=info msg=pass.done pass=tests tests=0 tests_file=0
level=info msg=pass.timing pass=tests elapsed_ms=0
level=info msg=pass.timing pass=githistory_compute elapsed_ms=35
level=info msg=pass.done pass=githistory commits=0 edges=0
level=info msg=pass.timing pass=decorator_tags elapsed_ms=0
level=info msg=configlinker.strategy name=key_symbol edges=0
level=info msg=configlinker.strategy name=dep_import edges=0
level=info msg=configlinker.strategy name=file_ref edges=0
level=info msg=configlinker.done total=0
level=info msg=pass.timing pass=configlink elapsed_ms=0
level=info msg=pass.timing pass=route_match elapsed_ms=0
level=info msg=pass.start pass=similarity
level=info msg=pass.similarity.collected nodes_with_fp=0
level=info msg=pass.done pass=similarity edges=0
level=info msg=pass.timing pass=similarity elapsed_ms=0
level=info msg=pass.start pass=semantic_edges
level=info msg=pass.semantic.collected functions=0
level=info msg=pass.done pass=semantic_edges edges=0
level=info msg=pass.timing pass=semantic_edges elapsed_ms=0
level=info msg=pass.complexity functions=0
level=info msg=pass.timing pass=complexity elapsed_ms=0
level=info msg=gbuf.dump nodes=8 edges=7
level=info msg=pass.timing pass=dump elapsed_ms=8
level=info msg=pass.timing pass=persist_hashes files=1
level=info msg=pipeline.done nodes=0 edges=7 elapsed_ms=86
level=info msg=pipeline.discover files=2 elapsed_ms=3
level=info msg=pipeline.route path=mode_change_reindex stored_hashes=1 discovered=2
level=info msg=pipeline.route path=reindex action=deleting_old_db
level=info msg=pipeline.route path=full
level=info msg=pass.start pass=structure files=2
level=info msg=pass.done pass=structure nodes=4 edges=3
level=info msg=pass.timing pass=structure elapsed_ms=0
level=info msg=pipeline.mode mode=sequential files=2
level=info msg=pkgmap.scan_repo manifests=0
level=info msg=pkgmap.scan manifests_from_files=0 manifests_from_walk=0 entries=0
level=info msg=pass.start pass=definitions files=2
level=info msg=pass.done pass=definitions defs=6 calls=0 imports=1 errors=0
level=info msg=pass.timing pass=definitions elapsed_ms=1
level=info msg=pass.start pass=k8s files=2
level=info msg=pass.k8s.manifest file=deploy.yaml resources=1
level=info msg=pass.k8s.kustomize file=kustomization.yaml imports=1
level=info msg=pass.done pass=k8s kustomize=1 manifests=1
level=info msg=pass.timing pass=k8s elapsed_ms=1
level=info msg=pass.start pass=lsp_cross files=2
level=info msg=pass.done pass=lsp_cross files_processed=0 files_skipped_no_lsp=2 files_skipped_no_source=0 defs_total=0 lsp_calls=0
level=info msg=pass.timing pass=lsp_cross elapsed_ms=3
level=info msg=pass.start pass=calls files=2
level=info msg=pass.done pass=calls total=0 resolved=0 unresolved=0 errors=0
level=info msg=pass.timing pass=calls elapsed_ms=0
level=info msg=pass.start pass=usages files=2
level=info msg=pass.done pass=usages usage=0 throws=0 rw=0 errors=0
level=info msg=pass.timing pass=usages elapsed_ms=0
level=info msg=pass.start pass=semantic files=2
level=info msg=pass.done pass=semantic inherits=0 decorates=0 implements=0 overrides=0 errors=0
level=info msg=pass.timing pass=semantic elapsed_ms=0
level=info msg=pass.start pass=tests
level=info msg=pass.done pass=tests tests=0 tests_file=0
level=info msg=pass.timing pass=tests elapsed_ms=0
level=info msg=pass.timing pass=githistory_compute elapsed_ms=32
level=info msg=pass.done pass=githistory commits=0 edges=0
level=info msg=pass.timing pass=decorator_tags elapsed_ms=0
level=info msg=configlinker.strategy name=key_symbol edges=0
level=info msg=configlinker.strategy name=dep_import edges=0
level=info msg=configlinker.strategy name=file_ref edges=0
level=info msg=configlinker.done total=0
level=info msg=pass.timing pass=configlink elapsed_ms=0
level=info msg=pass.timing pass=route_match elapsed_ms=0
level=info msg=pass.start pass=similarity
level=info msg=pass.similarity.collected nodes_with_fp=0
level=info msg=pass.done pass=similarity edges=0
level=info msg=pass.timing pass=similarity elapsed_ms=0
level=info msg=pass.start pass=semantic_edges
level=info msg=pass.semantic.collected functions=0
level=info msg=pass.done pass=semantic_edges edges=0
level=info msg=pass.timing pass=semantic_edges elapsed_ms=0
level=info msg=pass.complexity functions=0
level=info msg=pass.timing pass=complexity elapsed_ms=0
level=info msg=gbuf.dump nodes=12 edges=12
level=info msg=pass.timing pass=dump elapsed_ms=9
level=info msg=pass.timing pass=persist_hashes files=2
level=info msg=pipeline.done nodes=0 edges=12 elapsed_ms=109
PASS
  pipeline_empty_path                                    PASS
  pipeline_project_name_content                          PASS
  pipeline_cancel_sets_flag                              level=error msg=pipeline.err phase=discover rc=-1
level=info msg=pipeline.discover files=0 elapsed_ms=0
PASS
  pipeline_double_cancel                                 PASS
  pipeline_double_free_prevention                        PASS
  trackable_source_files                                 PASS
  trackable_rejects_images                               PASS
  trackable_rejects_minified                             PASS
  trackable_rejects_vendor_dirs                          PASS
  trackable_rejects_lock_files                           PASS
  test_path_directory_patterns                           PASS
  test_path_suffix_patterns                              PASS
  test_func_name_go_patterns                             PASS
  test_func_name_js_helpers                              PASS
  env_var_name_valid                                     PASS
  env_var_name_invalid                                   PASS
  config_ext_positive                                    PASS
  config_ext_negative                                    PASS
  split_camel_basic                                      PASS
  split_camel_single_word                                PASS
  split_camel_empty                                      PASS
  tokenize_decorator_login_required                      PASS
  tokenize_decorator_single                              PASS
  split_command_basic                                    PASS
  split_command_quoted                                   PASS
  split_command_empty                                    PASS
  parse_range_with_count                                 PASS
  parse_range_single                                     PASS
  parse_range_zero_count                                 PASS
  parse_name_status_basic                                PASS
  parse_name_status_empty                                PASS
  parse_hunks_empty                                      PASS
  coupling_empty_commits                                 PASS
  coupling_single_file_commit                            PASS
  clean_json_brackets_array                              PASS
  clean_json_brackets_plain                              PASS
  clean_json_brackets_empty                              PASS
  fqn_compute_basic                                      PASS
  fqn_compute_strips_ext                                 PASS
  fqn_module_basic                                       PASS
  fqn_folder_basic                                       PASS
  project_name_special_chars                             PASS
  project_name_trailing_slash                            PASS

────────────────────────────────────────────
  229 passed, 1 failed
────────────────────────────────────────────

